condition,task,seed,n_decisions,graph_edges_mean,activated_edges_mean,activated_nodes_mean,n_selected_total,n_distinct_act,act_precision
D-flat,T2,1,4,30,9,3,0,0,
D-flat,T3,1,4,41,20,5,0,0,
D-flat,T2,2,2,26.5,6,3,0,0,
D-flat,T3,2,13,50.31,28.46,5,0,0,
D-flat,T2,3,2,26.5,6,3,0,0,
D-noact,T2,1,2,26.5,6,3,6,2,0.667
D-noact,T3,1,5,41,20,5,25,3,0.8
D-noact,T2,2,2,26.5,6,3,6,2,0.667
D-noact,T3,2,3,41,20,5,15,3,0.8
D-noact,T2,3,2,26.5,6,3,6,2,0.667
D-noact,T3,3,4,41,20,5,20,3,0.8
D-nodemand,T2,1,2,26.5,6,3.5,7,6,0.714
D-nodemand,T3,1,3,41,20.33,6.33,19,10,0.684
D-nodemand,T2,2,2,26.5,6,3.5,7,6,0.714
D-nodemand,T3,2,8,46.5,26.12,7.62,56,17,0.661
D-nodemand,T2,3,3,30,9.33,4.33,13,8,0.692
D-nodemand,T3,3,3,41,20.33,6.33,19,10,0.684
D-nodemand,T2,4,2,26.5,6,3.5,7,6,0.714
fas_full,T1,1,3,30,9.33,4.33,13,8,0.692
fas_full,T2,1,2,26.5,6,3.5,7,6,0.714
fas_full,T3,1,3,41,20.33,6.33,19,10,0.684
fas_full,T4,1,4,35,14.5,5.5,22,10,0.773
fas_full,T1,2,4,31.75,11.25,5,20,12,0.65
fas_full,T2,2,2,26.5,6,3.5,7,6,0.714
fas_full,T1,3,2,26.5,6,3.5,7,6,0.714
fas_full,T2,9,2,26.5,6,3.5,7,6,0.714
fas_full,T3,14,2,35.5,15,5.5,11,8,0.818
fas_full,T4,19,7,40.14,19.71,6.71,44,18,0.75
D-noact,T3,7,2,35.5,15,5,10,2,0.8
D-nodemand,T2,15,3,30,9.33,4.33,13,8,0.538
D-flat,T2,5,2,26.5,6,3,0,0,
D-flat,T3,11,2,35.5,15,5,0,0,
fas_full,T1,4,4,30,9.5,4.5,18,9,0.5
fas_full,T2,10,2,26.5,6,3.5,7,6,0.714
fas_full,T3,15,3,41,20.33,6.33,19,10,0.789
fas_full,T4,20,2,30.5,10,4.5,9,7,1.0
fas_full,T1,5,2,26.5,6,3.5,7,6,0.714
fas_full,T2,11,2,26.5,6,3.5,7,6,0.714
fas_full,T3,16,5,45.4,25,7.4,35,13,0.771
D-noact,T3,9,2,35.5,15,5,10,2,0.8
D-nodemand,T2,17,2,26.5,6,3.5,7,6,0.714
D-flat,T2,7,3,30,9,3,0,0,
D-flat,T3,13,2,35.5,15,5,0,0,
fas_full,T1,6,4,31.75,11.25,5,20,12,0.65
fas_full,T2,12,3,30,9.33,4.33,13,8,0.692
fas_full,T3,17,5,41,20.6,6.6,33,12,0.636
D-noact,T3,10,5,43.2,22,5,25,3,0.8
D-nodemand,T2,18,2,26.5,6,3.5,7,6,0.714
D-flat,T2,8,2,26.5,6,3,0,0,
D-flat,T3,14,2,35.5,15,5,0,0,
fas_full,T1,7,2,26.5,6,3.5,7,6,0.714
fas_full,T2,13,2,26.5,6,3.5,7,6,0.714
fas_full,T3,18,2,35.5,15,5.5,11,8,0.818
D-noact,T2,4,4,31.75,10.5,3,12,3,0.667
D-noact,T3,11,5,43.2,22,5,25,3,0.8
D-nodemand,T2,19,3,30,9.33,4.33,13,8,0.692
D-flat,T2,9,2,26.5,6,3,0,0,
D-flat,T3,15,5,45.4,24,5,0,0,
fas_full,T1,8,3,30,9.33,4.33,13,8,0.692
fas_full,T2,14,2,26.5,6,3.5,7,6,0.714
fas_full,T3,19,3,41,20.33,6.33,19,10,0.789
fas_full,T1,9,2,26.5,6,3.5,7,6,0.714
fas_full,T2,15,4,31.75,11.25,5,20,12,0.65
fas_full,T3,20,2,35.5,15,5.5,11,8,0.818
D-noact,T2,6,2,26.5,6,3,6,2,0.667
D-noact,T3,13,8,41,20,5,40,3,0.8
D-nodemand,T3,4,4,41,20.5,6.5,26,11,0.654
D-flat,T2,11,3,30,9,3,0,0,
D-flat,T3,17,2,35.5,15,5,0,0,
fas_full,T1,10,5,32.8,12.4,5.4,27,15,0.556
fas_full,T2,16,2,26.5,6,3.5,7,6,0.714
fas_full,T4,2,9,37,16.78,6.22,56,18,0.732
fas_full,T1,11,3,30,9.33,4.33,13,8,0.538
fas_full,T2,17,3,30,9.33,4.33,13,8,0.692
fas_full,T4,3,8,35,14.75,5.75,46,14,0.717
fas_full,T1,12,3,30,9.33,4.33,13,8,0.538
fas_full,T2,18,2,26.5,6,3.5,7,6,0.714
fas_full,T4,4,3,35,14.33,5.33,16,9,0.812
D-noact,T2,9,2,26.5,6,3,6,2,0.667
D-noact,T3,16,4,41,20,5,20,3,0.8
D-nodemand,T3,7,3,41,20.33,6.33,19,10,0.684
D-flat,T2,14,2,26.5,6,3,0,0,
D-flat,T3,20,4,43.75,22.5,5,0,0,
fas_full,T1,13,6,33.5,13.17,5.67,34,19,0.618
fas_full,T2,19,2,26.5,6,3.5,7,6,0.714
fas_full,T4,5,2,30.5,10,4.5,9,7,1.0
fas_full,T1,14,5,30,9.6,4.6,23,10,0.478
fas_full,T2,20,2,26.5,6,3.5,7,6,0.714
fas_full,T4,6,4,35,14.5,5.5,22,10,0.773
fas_full,T1,15,2,26.5,6,3.5,7,6,0.714
fas_full,T3,2,3,41,20.33,6.33,19,10,0.684
fas_full,T4,7,7,40.14,19.86,6.86,48,19,0.771
D-noact,T2,12,2,26.5,6,3,6,2,0.667
D-noact,T3,19,2,35.5,15,5,10,2,0.8
D-nodemand,T3,10,3,41,20.33,6.33,19,10,0.684
D-flat,T2,17,3,30,9,3,0,0,
fas_full,T1,16,2,26.5,6,3.5,7,6,0.714
fas_full,T3,3,9,43.44,23.22,7.22,63,18,0.619
fas_full,T4,8,9,36,15.78,6,54,17,0.722
D-noact,T2,13,2,26.5,6,3,6,2,0.667
D-noact,T3,20,3,41,20,5,15,3,0.8
D-nodemand,T3,11,8,42.38,22.12,7,55,16,0.618
D-flat,T2,18,2,26.5,6,3,0,0,
fas_full,T1,17,5,30,9.6,4.6,23,10,0.478
fas_full,T3,4,3,41,20.33,6.33,19,10,0.684
fas_full,T4,9,3,35,14.33,5.33,16,9,0.812
D-noact,T2,14,2,26.5,6,3,6,2,0.667
D-nodemand,T2,5,2,26.5,6,3.5,7,6,0.714
D-nodemand,T3,12,3,41,20.33,6.33,19,10,0.789
D-flat,T2,19,2,26.5,6,3,0,0,
fas_full,T1,18,4,30,9.5,4.5,18,9,0.5
fas_full,T3,5,3,41,20.33,6.33,19,10,0.684
fas_full,T4,10,8,40.62,20.38,7,56,20,0.768
D-noact,T2,15,2,26.5,6,3,6,2,0.667
D-nodemand,T2,6,2,26.5,6,3.5,7,6,0.714
D-nodemand,T3,13,4,41,20.5,6.5,26,11,0.654
D-flat,T2,20,2,26.5,6,3,0,0,
fas_full,T1,19,2,26.5,6,3.5,7,6,0.714
fas_full,T3,6,9,42.22,22,7,62,17,0.613
fas_full,T4,11,8,37.25,17,6.25,50,17,0.74
D-noact,T2,16,2,26.5,6,3,6,2,0.667
D-nodemand,T2,7,3,30,9.33,4.33,13,8,0.692
D-nodemand,T3,14,2,35.5,15,5.5,11,8,0.818
D-flat,T3,3,4,43.75,22.5,5,0,0,
fas_full,T1,20,2,26.5,6,3.5,7,6,0.714
fas_full,T3,7,3,41,20.33,6.33,19,10,0.789
fas_full,T4,12,2,30.5,10,4.5,9,7,1.0
D-noact,T2,17,2,26.5,6,3,6,2,0.667
D-nodemand,T2,8,2,26.5,6,3.5,7,6,0.714
D-nodemand,T3,15,4,41,20.5,6.5,26,11,0.654
D-flat,T3,4,3,41,20,5,0,0,
fas_full,T2,3,2,26.5,6,3.5,7,6,0.714
fas_full,T3,8,2,35.5,15,5.5,11,8,0.818
fas_full,T4,13,3,35,14.33,5.33,16,9,0.812
D-noact,T2,18,2,26.5,6,3,6,2,0.667
D-nodemand,T2,9,2,26.5,6,3.5,7,6,0.714
D-nodemand,T3,16,4,41,20.5,6.5,26,11,0.654
D-flat,T3,5,2,35.5,15,5,0,0,
fas_full,T2,4,2,26.5,6,3.5,7,6,0.714
fas_full,T3,9,3,41,20.33,6.33,19,10,0.684
fas_full,T4,14,5,36.8,16.4,6,30,13,0.767
fas_full,T2,5,2,26.5,6,3.5,7,6,0.714
fas_full,T3,10,2,35.5,15,5.5,11,8,0.818
fas_full,T4,15,5,38.6,18.2,6.4,32,15,0.844
D-noact,T2,20,2,26.5,6,3,6,2,0.667
D-nodemand,T2,11,2,26.5,6,3.5,7,6,0.714
D-nodemand,T3,18,5,45.4,25,7.4,35,13,0.771
D-flat,T3,7,2,35.5,15,5,0,0,
fas_full,T2,6,2,26.5,6,3.5,7,6,0.714
fas_full,T3,11,4,41,20.5,6.5,26,11,0.654
fas_full,T4,16,10,35,14.8,5.8,58,16,0.707
fas_full,T2,7,2,26.5,6,3.5,7,6,0.714
fas_full,T3,12,10,49.8,29.5,8.3,73,19,0.671
fas_full,T4,17,6,35,14.67,5.67,34,12,0.735
fas_full,T2,8,3,30,9.33,4.33,13,8,0.692
fas_full,T3,13,7,47.29,26.86,7.71,50,16,0.66
fas_full,T4,18,4,37.25,16.75,6,24,12,0.875
D-noact,T3,6,4,43.75,22.5,5,20,3,0.8
D-nodemand,T2,14,2,26.5,6,3.5,7,6,0.714
D-flat,T2,4,3,30,9,3,0,0,
D-flat,T3,10,3,41,20,5,0,0,
D-noact,T3,5,2,35.5,15,5,10,2,0.8
D-nodemand,T2,12,2,26.5,6,3.5,7,6,0.714
D-nodemand,T3,17,4,43.75,23.25,7,27,12,0.778
D-flat,T2,16,3,30,9,3,0,0,
D-noact,T2,5,2,26.5,6,3,6,2,0.667
D-noact,T3,8,2,35.5,15,5,10,2,0.8
D-nodemand,T2,13,2,26.5,6,3.5,7,6,0.714
D-nodemand,T3,19,3,41,20.33,6.33,19,10,0.684
D-flat,T3,6,2,35.5,15,5,0,0,
D-noact,T2,7,2,26.5,6,3,6,2,0.667
D-noact,T3,12,2,35.5,15,5,10,2,0.8
D-nodemand,T2,16,2,26.5,6,3.5,7,6,0.714
D-nodemand,T3,20,10,49.8,29.5,8.3,73,19,0.671
D-flat,T3,8,2,35.5,15,5,0,0,
D-noact,T2,8,3,30,9,3,9,3,0.667
D-noact,T3,14,9,48.33,26.67,5,45,3,0.8
D-nodemand,T2,20,2,26.5,6,3.5,7,6,0.714
D-flat,T2,6,2,26.5,6,3,0,0,
D-flat,T3,9,5,45.4,24,5,0,0,
D-noact,T2,10,2,26.5,6,3,6,2,0.667
D-noact,T3,15,4,41,20,5,20,3,0.8
D-nodemand,T3,5,5,45.4,25,7.4,35,13,0.657
D-flat,T2,10,2,26.5,6,3,0,0,
D-flat,T3,12,13,52.85,30.77,5,0,0,
D-noact,T2,11,2,26.5,6,3,6,2,0.667
D-noact,T3,17,2,35.5,15,5,10,2,0.8
D-nodemand,T3,6,4,41,20.5,6.5,26,11,0.654
D-flat,T2,12,4,31.75,10.5,3,0,0,
D-flat,T3,16,2,35.5,15,5,0,0,
D-noact,T2,19,3,30,9,3,9,3,0.667
D-noact,T3,18,3,41,20,5,15,3,0.8
D-nodemand,T3,8,5,45.4,25,7.4,35,13,0.657
D-flat,T2,13,2,26.5,6,3,0,0,
D-flat,T3,18,5,45.4,24,5,0,0,
D-noact,T3,4,5,45.4,24,5,25,3,0.8
D-nodemand,T2,10,2,26.5,6,3.5,7,6,0.714
D-nodemand,T3,9,3,41,20.33,6.33,19,10,0.684
D-flat,T2,15,2,26.5,6,3,0,0,
D-flat,T3,19,13,53.69,31.54,5,0,0,
