condition,method,n,jcg_median,jcg_mean,jcg_gt0_rate,jcg_binom_p_gt_half,mrr_median,mrr_mean,recall1,jact_median,topk_stability_mean
C-4,fas,50,0.217698,0.207067,1.0,8.881784197001252e-16,1.0,0.9117,0.9,0.2721,0.1297
C-4,b1,50,0.0,0.0,0.0,1.0,0.0,0.0,0.0,0.0,0.2
C-4,b2,50,1.0,1.0,1.0,8.881784197001252e-16,1.0,0.9467,0.9,1.25,0.1147
C-4,b3,50,0.0,0.0,0.0,1.0,0.0018,0.0289,0.02,0.4741,1.0
C-1,fas,50,0.097741,0.088752,1.0,8.881784197001252e-16,0.0435,0.078,0.02,0.1466,0.2673
C-1,b1,50,0.0,0.0,0.0,1.0,0.0,0.0,0.0,0.0,0.3333
C-1,b2,50,0.5,0.505661,1.0,8.881784197001252e-16,0.04,0.0587,0.02,0.75,0.2541
C-1,b3,50,0.0,0.0,0.0,1.0,0.0128,0.091,0.06,0.4741,1.0
C-2,fas,50,0.097741,0.086994,1.0,8.881784197001252e-16,0.0426,0.0426,0.0,0.1466,0.2933
C-2,b1,50,0.0,0.0,0.0,1.0,0.0,0.0,0.0,0.0,0.3307
C-2,b2,50,0.5,0.5,1.0,8.881784197001252e-16,0.04,0.0396,0.0,0.75,0.2788
C-2,b3,50,0.0,0.0,0.0,1.0,0.0054,0.0416,0.02,0.4741,1.0
C-3,fas,50,0.215844,0.19471,1.0,8.881784197001252e-16,1.0,0.7852,0.76,0.2698,0.1108
C-3,b1,50,0.0,0.0,0.0,1.0,0.0,0.0,0.0,0.0,0.197
C-3,b2,50,1.0,1.002621,1.0,8.881784197001252e-16,1.0,0.8533,0.72,1.25,0.0762
C-3,b3,50,0.0,0.0,0.0,1.0,0.0051,0.041,0.02,0.4741,1.0
