family,key,seed,exp_edges_after_practice,exp_edges_at_test_P4,inventory_attributed,self_success_attributed,gathers,total_actions
A_expgraph,fas,0,9,0,,,,
A_expgraph,fas-nowb,0,0,0,,,,
A_expgraph,history,0,0,,,,,
A_expgraph,retrieval,0,0,,,,,
A_expgraph,fresh-fas,0,0,1,,,,
A_expgraph,fas,1,9,0,,,,
A_expgraph,fas-nowb,1,0,0,,,,
A_expgraph,history,1,0,,,,,
A_expgraph,retrieval,1,0,,,,,
A_expgraph,fresh-fas,1,0,1,,,,
A_expgraph,fas,2,9,0,,,,
A_expgraph,fas-nowb,2,0,0,,,,
A_expgraph,history,2,0,,,,,
A_expgraph,retrieval,2,0,,,,,
A_expgraph,fresh-fas,2,0,1,,,,
A_expgraph,fas,3,9,0,,,,
A_expgraph,fas-nowb,3,0,0,,,,
A_expgraph,history,3,0,,,,,
A_expgraph,retrieval,3,0,,,,,
A_expgraph,fresh-fas,3,0,1,,,,
A_expgraph,fas,4,9,0,,,,
A_expgraph,fas-nowb,4,0,0,,,,
A_expgraph,history,4,0,,,,,
A_expgraph,retrieval,4,0,,,,,
A_expgraph,fresh-fas,4,0,1,,,,
A_expgraph,fas,5,9,0,,,,
A_expgraph,fas-nowb,5,0,0,,,,
A_expgraph,history,5,0,,,,,
A_expgraph,retrieval,5,0,,,,,
A_expgraph,fresh-fas,5,0,1,,,,
A_expgraph,fas,6,9,0,,,,
A_expgraph,fas-nowb,6,0,0,,,,
A_expgraph,history,6,0,,,,,
A_expgraph,retrieval,6,0,,,,,
A_expgraph,fresh-fas,6,0,1,,,,
A_expgraph,fas,7,9,0,,,,
A_expgraph,fas-nowb,7,0,0,,,,
A_expgraph,history,7,0,,,,,
A_expgraph,retrieval,7,0,,,,,
A_expgraph,fresh-fas,7,0,5,,,,
A_expgraph,fas,8,9,0,,,,
A_expgraph,fas-nowb,8,0,0,,,,
A_expgraph,history,8,0,,,,,
A_expgraph,retrieval,8,0,,,,,
A_expgraph,fresh-fas,8,0,1,,,,
A_expgraph,fas,9,9,0,,,,
A_expgraph,fas-nowb,9,0,0,,,,
A_expgraph,history,9,0,,,,,
A_expgraph,retrieval,9,0,,,,,
A_expgraph,fresh-fas,9,0,1,,,,
B_delay,delay_10,0,,,0,0,,
B_delay,delay_10,1,,,0,0,,
B_delay,delay_10,2,,,0,0,,
B_delay,delay_10,3,,,0,0,,
B_delay,delay_10,4,,,0,0,,
B_delay,delay_10,5,,,0,0,,
B_delay,delay_10,6,,,0,0,,
B_delay,delay_10,7,,,0,0,,
B_delay,delay_10,8,,,0,0,,
B_delay,delay_10,9,,,0,0,,
F_selfmodel,success_selfgoal_False,0,,,,,0,2
F_selfmodel,success_selfgoal_False,1,,,,,0,2
F_selfmodel,success_selfgoal_False,2,,,,,0,2
F_selfmodel,success_selfgoal_False,3,,,,,0,2
F_selfmodel,success_selfgoal_False,4,,,,,0,2
F_selfmodel,failure_selfgoal_False,0,,,,,6,7
F_selfmodel,failure_selfgoal_False,1,,,,,6,7
F_selfmodel,failure_selfgoal_False,2,,,,,6,7
F_selfmodel,failure_selfgoal_False,3,,,,,6,7
F_selfmodel,failure_selfgoal_False,4,,,,,6,7
F_selfmodel,novel_selfgoal_False,0,,,,,1,4
F_selfmodel,novel_selfgoal_False,1,,,,,1,4
F_selfmodel,novel_selfgoal_False,2,,,,,1,4
F_selfmodel,novel_selfgoal_False,3,,,,,1,4
F_selfmodel,novel_selfgoal_False,4,,,,,1,4
