category,metric,n_pairs,mean_fwd,mean_bidir,mean_diff,wilcoxon_p,effect_r,sig@0.0025
recipe,jcg,80,0.491557,0.110887,-0.38067,0.0,0.614271,True
recipe,mrr_joint,80,0.810417,0.770833,-0.039584,0.1274,0.200168,False
recipe,recall@1,80,0.625,0.625,0.0,1.0,0.0,False
recipe,sink_fraction,80,1.0,0.0,-1.0,0.0,0.614271,True
temporal,jcg,80,0.491557,0.110887,-0.38067,0.0,0.614271,True
temporal,mrr_joint,80,0.810417,0.770833,-0.039584,0.1274,0.200168,False
temporal,recall@1,80,0.625,0.625,0.0,1.0,0.0,False
temporal,sink_fraction,80,1.0,0.0,-1.0,0.0,0.614271,True
cognitive,jcg,80,0.953684,0.19335,-0.760334,0.0,0.614271,True
cognitive,mrr_joint,80,1.0,0.98125,-0.01875,0.108809,0.654654,False
cognitive,recall@1,80,1.0,0.9625,-0.0375,0.108809,0.654654,False
cognitive,sink_fraction,80,1.0,0.0,-1.0,0.0,0.614271,True
emotion,jcg,80,0.953684,0.19335,-0.760334,0.0,0.614271,True
emotion,mrr_joint,80,1.0,0.98125,-0.01875,0.108809,0.654654,False
emotion,recall@1,80,1.0,0.9625,-0.0375,0.108809,0.654654,False
emotion,sink_fraction,80,1.0,0.0,-1.0,0.0,0.614271,True
social,jcg,80,0.953684,0.19335,-0.760334,0.0,0.614271,True
social,mrr_joint,80,1.0,0.98125,-0.01875,0.108809,0.654654,False
social,recall@1,80,1.0,0.9625,-0.0375,0.108809,0.654654,False
social,sink_fraction,80,1.0,0.0,-1.0,0.0,0.614271,True
