dimension,group,n_seeds,mrr_mean,mrr_ci95,recall@1_rate,jcg_mean,jcg_ci95,jcg_pos_rate,rho_mean,margin_single_mean,zero_fraction_mean
complexity,"(10,)",20,0.975,"[0.9,1.0]",0.95,0.36453,"[0.34189,0.38864]",1,0.6867,0.3131,0.0
complexity,"(100,)",20,1.0,"[1.0,1.0]",1.0,0.36036,"[0.34058,0.38131]",1,0.5538,0.30042,0.0
complexity,"(1000,)",20,1.0,"[1.0,1.0]",1.0,0.39027,"[0.36197,0.41785]",1,0.7829,0.31894,0.0
complexity,"(30,)",20,1.0,"[1.0,1.0]",1.0,0.4035,"[0.37943,0.42864]",1,0.8072,0.31406,0.0
complexity,"(300,)",20,1.0,"[1.0,1.0]",1.0,0.38327,"[0.35142,0.41498]",1,0.8113,0.32346,0.0
joint,"(2,)",20,1.0,"[1.0,1.0]",1.0,0.38032,"[0.35411,0.40663]",1,0.7634,0.32265,0.0
joint,"(3,)",20,1.0,"[1.0,1.0]",1.0,0.77403,"[0.72939,0.8191]",1,0.713,0.68066,0.0
joint,"(5,)",20,1.0,"[1.0,1.0]",1.0,1.48076,"[1.4062,1.55326]",1,0.526,1.35033,0.0
noise,"(100, 0.0)",20,1.0,"[1.0,1.0]",1.0,0.36036,"[0.34058,0.38131]",1,0.5538,0.30042,0.0
noise,"(100, 0.1)",20,0.975,"[0.925,1.0]",0.95,0.31496,"[0.28254,0.34848]",1,0.4903,0.27849,0.0
noise,"(100, 0.25)",20,0.94167,"[0.84167,1.0]",0.9,0.26887,"[0.229,0.3099]",1,0.5337,0.21018,0.0
noise,"(100, 0.5)",20,0.875,"[0.775,0.95]",0.75,0.1952,"[0.15684,0.23325]",1,0.5057,0.13476,0.0
noise,"(100, 0.75)",20,0.81667,"[0.69167,0.93333]",0.7,0.1336,"[0.10605,0.16302]",1,0.4858,0.0578,0.0
noise,"(100, 0.9)",20,0.84167,"[0.725,0.93333]",0.7,0.11631,"[0.09432,0.13836]",1,0.5742,0.05463,0.0
noise,"(300, 0.0)",20,1.0,"[1.0,1.0]",1.0,0.38327,"[0.35142,0.41498]",1,0.8113,0.32346,0.0
noise,"(300, 0.1)",20,1.0,"[1.0,1.0]",1.0,0.34257,"[0.30494,0.38307]",1,0.7797,0.28878,0.0
noise,"(300, 0.25)",20,0.84167,"[0.725,0.95]",0.7,0.2689,"[0.22058,0.31617]",1,0.4606,0.17341,0.0
noise,"(300, 0.5)",20,0.76667,"[0.65,0.875]",0.55,0.17669,"[0.14083,0.21418]",1,0.4292,0.09743,0.0
noise,"(300, 0.75)",20,0.71667,"[0.60833,0.825]",0.45,0.12634,"[0.09607,0.1612]",1,0.5284,0.05774,0.0
noise,"(300, 0.9)",20,0.71667,"[0.60833,0.825]",0.45,0.10697,"[0.08256,0.134]",1,0.5104,0.03757,0.0
scaling,"(1,)",20,0.95,"[0.875,1.0]",0.9,0.0,"[0.0,0.0]",0,1.0,-0.00442,0.0
scaling,"(10,)",20,1.0,"[1.0,1.0]",1.0,3.6999,"[3.61381,3.77184]",1,0.5644,3.64085,0.0
scaling,"(20,)",20,1.0,"[1.0,1.0]",1.0,3.73072,"[3.70682,3.75555]",1,0.5488,3.73295,0.0
scaling,"(3,)",20,1.0,"[1.0,1.0]",1.0,0.71948,"[0.69167,0.74599]",1,0.6359,0.60784,0.0
scaling,"(5,)",20,1.0,"[1.0,1.0]",1.0,1.49336,"[1.41112,1.5708]",1,0.5978,1.33894,0.0
topology,"('bidirectional', 100)",20,0.94167,"[0.85,1.0]",0.9,0.06216,"[0.05415,0.07034]",1,0.4884,0.04381,0.0
topology,"('bidirectional', 300)",20,0.86667,"[0.75833,0.95]",0.75,0.02391,"[0.02091,0.02738]",1,0.6295,0.01222,0.0
topology,"('forward', 100)",20,1.0,"[1.0,1.0]",1.0,0.36036,"[0.34058,0.38131]",1,0.5538,0.30042,0.0
topology,"('forward', 300)",20,1.0,"[1.0,1.0]",1.0,0.38327,"[0.35142,0.41498]",1,0.8113,0.32346,0.0
topology,"('mixed', 100)",20,0.89167,"[0.79167,0.975]",0.8,0.11336,"[0.09066,0.1456]",1,0.462,0.07266,0.0
topology,"('mixed', 300)",20,0.8375,"[0.7125,0.95]",0.7,0.05128,"[0.04413,0.05919]",1,0.5189,0.02834,0.0
topology,"('random', 100)",20,0.91667,"[0.825,1.0]",0.85,0.11436,"[0.09585,0.13612]",1,0.4642,0.10584,0.0
topology,"('random', 300)",20,0.925,"[0.85,1.0]",0.85,0.05961,"[0.04757,0.07348]",1,0.6936,0.0458,0.0
