graph,input_cond,seed,node_id,activation,injected,score,distance_A_und,distance_B_und,is_shared,in_top8
F,I1,1,cobblestone,0.0,False,0.2,2,2,0,0
F,I1,1,crafting_table,0.0,False,0.1111,4,4,0,0
F,I1,1,deepslate_iron_ore,0.0,False,0.1111,4,4,0,0
F,I1,1,diamond,0.0,False,0.1111,4,4,0,0
F,I1,1,diamond_ore,0.0,False,0.1111,4,4,0,0
F,I1,1,dirt,0.0,False,0.1111,4,4,0,0
F,I1,1,furnace,0.0,False,0.1111,4,4,0,0
F,I1,1,grass_block,0.0,False,0.1111,4,4,0,0
F,I1,1,iron_ingot,0.0,False,0.1111,4,4,0,0
F,I1,1,iron_ore,0.0,False,0.1429,4,2,0,0
F,I1,1,oak_fence,0.0,False,0.1111,4,4,0,0
F,I1,1,oak_log,0.0,False,0.1111,4,4,0,0
F,I1,1,oak_planks,0.0,False,0.1429,2,4,0,0
F,I1,1,raw_iron,0.0,False,0.1111,4,4,0,0
F,I1,1,stick,0.0,False,0.2,2,2,0,0
F,I1,1,stone,0.0,False,0.2,2,2,0,0
F,I1,1,stone_pickaxe,0.0,False,0.1429,4,2,0,0
F,I1,1,wooden_pickaxe,0.0,False,0.1429,2,4,0,0
F,I1,1,健康,0.0,False,0.0,,,0,0
F,I1,1,可采资源,0.0,False,0.1429,3,3,0,0
F,I1,1,实体:dirt,2.5,True,0.0,,,0,1
F,I1,1,实体:gold_nugget,3.75,True,0.0,,,0,1
F,I1,1,物品:cobblestone,0.0,False,0.2,3,1,0,0
F,I1,1,物品:crafting_table,0.0,False,0.1111,3,5,0,0
F,I1,1,物品:furnace,0.0,False,0.1111,5,3,0,0
F,I1,1,物品:iron_ingot,0.0,False,0.0909,5,5,0,0
F,I1,1,物品:iron_ore,0.0,False,0.0,,,0,0
F,I1,1,物品:oak_fence,0.0,False,0.1429,3,3,0,0
F,I1,1,物品:oak_log,0.0,False,0.1111,3,5,0,0
F,I1,1,物品:oak_planks,0.4167,False,0.2,1,3,0,1
F,I1,1,物品:raw_iron,0.0,False,0.1111,5,3,0,0
F,I1,1,物品:stick,0.4167,False,0.3333,1,1,1,1
F,I1,1,物品:stone,0.0,False,0.0,,,0,0
F,I1,1,物品:stone_pickaxe,0.0,False,0.2,3,1,0,0
F,I1,1,物品:wooden_pickaxe,0.4167,False,0.2,1,3,0,1
F,I1,1,玩家,0.0,False,0.0,,,0,0
F,I1,1,生存需求,0.0,False,0.0,,,0,0
F,I1,1,用户资产保护,0.0,False,0.0,,,0,0
F,I1,1,配方:crafting_table:hand:0,0.0,False,0.1429,2,4,0,0
F,I1,1,配方:furnace:table:0,0.0,False,0.1429,4,2,0,0
F,I1,1,配方:iron_ingot:smelt,0.0,False,0.0909,6,4,0,0
F,I1,1,配方:oak_fence:table:0,0.0,False,0.2,2,2,0,0
F,I1,1,配方:oak_planks:hand:0,0.0,False,0.1429,2,4,0,0
F,I1,1,配方:stick:hand:0,0.0,False,0.2,2,2,0,0
F,I1,1,配方:stone_pickaxe:table:0,0.0,False,0.3333,2,0,0,0
F,I1,1,配方:wooden_pickaxe:table:0,2.5,True,0.3333,0,2,0,1
F,I2,1,cobblestone,0.0,False,0.2,2,2,0,0
F,I2,1,crafting_table,0.0,False,0.1111,4,4,0,0
F,I2,1,deepslate_iron_ore,0.0,False,0.1111,4,4,0,0
F,I2,1,diamond,0.0,False,0.1111,4,4,0,0
F,I2,1,diamond_ore,0.0,False,0.1111,4,4,0,0
F,I2,1,dirt,0.0,False,0.1111,4,4,0,0
F,I2,1,furnace,0.0,False,0.1111,4,4,0,0
F,I2,1,grass_block,0.0,False,0.1111,4,4,0,0
F,I2,1,iron_ingot,0.0,False,0.1111,4,4,0,0
F,I2,1,iron_ore,0.0,False,0.1429,4,2,0,0
F,I2,1,oak_fence,0.0,False,0.1111,4,4,0,0
F,I2,1,oak_log,0.0,False,0.1111,4,4,0,0
F,I2,1,oak_planks,0.0,False,0.1429,2,4,0,0
F,I2,1,raw_iron,0.0,False,0.1111,4,4,0,0
F,I2,1,stick,0.0,False,0.2,2,2,0,0
F,I2,1,stone,0.0,False,0.2,2,2,0,0
F,I2,1,stone_pickaxe,0.0,False,0.1429,4,2,0,0
F,I2,1,wooden_pickaxe,0.0,False,0.1429,2,4,0,0
F,I2,1,健康,0.0,False,0.0,,,0,0
F,I2,1,可采资源,0.0,False,0.1429,3,3,0,0
F,I2,1,实体:diamond,3.75,True,0.0,,,0,1
F,I2,1,实体:dirt,2.5,True,0.0,,,0,1
F,I2,1,物品:cobblestone,0.4167,False,0.2,3,1,0,1
F,I2,1,物品:crafting_table,0.0,False,0.1111,3,5,0,0
F,I2,1,物品:furnace,0.0,False,0.1111,5,3,0,0
F,I2,1,物品:iron_ingot,0.0,False,0.0909,5,5,0,0
F,I2,1,物品:iron_ore,0.0,False,0.0,,,0,0
F,I2,1,物品:oak_fence,0.0,False,0.1429,3,3,0,0
F,I2,1,物品:oak_log,0.0,False,0.1111,3,5,0,0
F,I2,1,物品:oak_planks,0.0,False,0.2,1,3,0,0
F,I2,1,物品:raw_iron,0.0,False,0.1111,5,3,0,0
F,I2,1,物品:stick,0.4167,False,0.3333,1,1,1,1
F,I2,1,物品:stone,0.0,False,0.0,,,0,0
F,I2,1,物品:stone_pickaxe,0.4167,False,0.2,3,1,0,1
F,I2,1,物品:wooden_pickaxe,0.0,False,0.2,1,3,0,0
F,I2,1,玩家,0.0,False,0.0,,,0,0
F,I2,1,生存需求,0.0,False,0.0,,,0,0
F,I2,1,用户资产保护,0.0,False,0.0,,,0,0
F,I2,1,配方:crafting_table:hand:0,0.0,False,0.1429,2,4,0,0
F,I2,1,配方:furnace:table:0,0.0,False,0.1429,4,2,0,0
F,I2,1,配方:iron_ingot:smelt,0.0,False,0.0909,6,4,0,0
F,I2,1,配方:oak_fence:table:0,0.0,False,0.2,2,2,0,0
F,I2,1,配方:oak_planks:hand:0,0.0,False,0.1429,2,4,0,0
F,I2,1,配方:stick:hand:0,0.0,False,0.2,2,2,0,0
F,I2,1,配方:stone_pickaxe:table:0,2.5,True,0.3333,2,0,0,1
F,I2,1,配方:wooden_pickaxe:table:0,0.0,False,0.3333,0,2,0,0
F,I3,1,cobblestone,0.0,False,0.2,2,2,0,0
F,I3,1,crafting_table,0.0,False,0.1111,4,4,0,0
F,I3,1,deepslate_iron_ore,0.0,False,0.1111,4,4,0,0
F,I3,1,diamond,0.0,False,0.1111,4,4,0,0
F,I3,1,diamond_ore,0.0,False,0.1111,4,4,0,0
F,I3,1,dirt,0.0,False,0.1111,4,4,0,0
F,I3,1,furnace,0.0,False,0.1111,4,4,0,0
F,I3,1,grass_block,0.0,False,0.1111,4,4,0,0
F,I3,1,iron_ingot,0.0,False,0.1111,4,4,0,0
F,I3,1,iron_ore,0.0,False,0.1429,4,2,0,0
F,I3,1,oak_fence,0.0,False,0.1111,4,4,0,0
F,I3,1,oak_log,0.0,False,0.1111,4,4,0,0
F,I3,1,oak_planks,0.0,False,0.1429,2,4,0,0
F,I3,1,raw_iron,0.0,False,0.1111,4,4,0,0
F,I3,1,stick,0.0,False,0.2,2,2,0,0
F,I3,1,stone,0.0,False,0.2,2,2,0,0
F,I3,1,stone_pickaxe,0.0,False,0.1429,4,2,0,0
F,I3,1,wooden_pickaxe,0.0,False,0.1429,2,4,0,0
F,I3,1,健康,0.0,False,0.0,,,0,0
F,I3,1,可采资源,0.0,False,0.1429,3,3,0,0
F,I3,1,实体:dirt,2.5,True,0.0,,,0,1
F,I3,1,实体:emerald,3.75,True,0.0,,,0,1
F,I3,1,物品:cobblestone,0.4167,False,0.2,3,1,0,1
F,I3,1,物品:crafting_table,0.0,False,0.1111,3,5,0,0
F,I3,1,物品:furnace,0.0,False,0.1111,5,3,0,0
F,I3,1,物品:iron_ingot,0.0,False,0.0909,5,5,0,0
F,I3,1,物品:iron_ore,0.0,False,0.0,,,0,0
F,I3,1,物品:oak_fence,0.0,False,0.1429,3,3,0,0
F,I3,1,物品:oak_log,0.0,False,0.1111,3,5,0,0
F,I3,1,物品:oak_planks,0.4167,False,0.2,1,3,0,1
F,I3,1,物品:raw_iron,0.0,False,0.1111,5,3,0,0
F,I3,1,物品:stick,0.8333,False,0.3333,1,1,1,1
F,I3,1,物品:stone,0.0,False,0.0,,,0,0
F,I3,1,物品:stone_pickaxe,0.4167,False,0.2,3,1,0,0
F,I3,1,物品:wooden_pickaxe,0.4167,False,0.2,1,3,0,1
F,I3,1,玩家,0.0,False,0.0,,,0,0
F,I3,1,生存需求,0.0,False,0.0,,,0,0
F,I3,1,用户资产保护,0.0,False,0.0,,,0,0
F,I3,1,配方:crafting_table:hand:0,0.0,False,0.1429,2,4,0,0
F,I3,1,配方:furnace:table:0,0.0,False,0.1429,4,2,0,0
F,I3,1,配方:iron_ingot:smelt,0.0,False,0.0909,6,4,0,0
F,I3,1,配方:oak_fence:table:0,0.0,False,0.2,2,2,0,0
F,I3,1,配方:oak_planks:hand:0,0.0,False,0.1429,2,4,0,0
F,I3,1,配方:stick:hand:0,0.0,False,0.2,2,2,0,0
F,I3,1,配方:stone_pickaxe:table:0,2.5,True,0.3333,2,0,0,1
F,I3,1,配方:wooden_pickaxe:table:0,2.5,True,0.3333,0,2,0,1
B,I1,1,cobblestone,0.0236,False,0.2,2,2,0,0
B,I1,1,crafting_table,0.0,False,0.1111,4,4,0,0
B,I1,1,deepslate_iron_ore,0.0,False,0.1111,4,4,0,0
B,I1,1,diamond,0.0,False,0.1111,4,4,0,0
B,I1,1,diamond_ore,0.0,False,0.1111,4,4,0,0
B,I1,1,dirt,0.0,False,0.1111,4,4,0,0
B,I1,1,furnace,0.0,False,0.1111,4,4,0,0
B,I1,1,grass_block,0.0,False,0.1111,4,4,0,0
B,I1,1,iron_ingot,0.0,False,0.1111,4,4,0,0
B,I1,1,iron_ore,0.0,False,0.1429,4,2,0,0
B,I1,1,oak_fence,0.0,False,0.1111,4,4,0,0
B,I1,1,oak_log,0.0,False,0.1111,4,4,0,0
B,I1,1,oak_planks,0.0162,False,0.1429,2,4,0,0
B,I1,1,raw_iron,0.0,False,0.1111,4,4,0,0
B,I1,1,stick,0.0192,False,0.2,2,2,0,0
B,I1,1,stone,0.0236,False,0.2,2,2,0,0
B,I1,1,stone_pickaxe,0.0,False,0.1429,4,2,0,0
B,I1,1,wooden_pickaxe,0.0236,False,0.1429,2,4,0,0
B,I1,1,健康,0.0,False,0.0,,,0,0
B,I1,1,可采资源,0.0526,False,0.1429,3,3,0,1
B,I1,1,实体:diamond,2.5,True,0.0,,,0,1
B,I1,1,实体:gold_nugget,3.75,True,0.0,,,0,1
B,I1,1,物品:cobblestone,0.0206,False,0.2,3,1,0,0
B,I1,1,物品:crafting_table,0.0081,False,0.1111,3,5,0,0
B,I1,1,物品:furnace,0.0,False,0.1111,5,3,0,0
B,I1,1,物品:iron_ingot,0.0,False,0.0909,5,5,0,0
B,I1,1,物品:iron_ore,0.0,False,0.0,,,0,0
B,I1,1,物品:oak_fence,0.0118,False,0.1429,3,3,0,0
B,I1,1,物品:oak_log,0.0081,False,0.1111,3,5,0,0
B,I1,1,物品:oak_planks,0.2611,False,0.2,1,3,0,1
B,I1,1,物品:raw_iron,0.0,False,0.1111,5,3,0,0
B,I1,1,物品:stick,0.2525,False,0.3333,1,1,1,1
B,I1,1,物品:stone,0.0,False,0.0,,,0,0
B,I1,1,物品:stone_pickaxe,0.0064,False,0.2,3,1,0,0
B,I1,1,物品:wooden_pickaxe,0.2326,False,0.2,1,3,0,1
B,I1,1,玩家,0.0,False,0.0,,,0,0
B,I1,1,生存需求,0.0,False,0.0,,,0,0
B,I1,1,用户资产保护,0.0,False,0.0,,,0,0
B,I1,1,配方:crafting_table:hand:0,0.0162,False,0.1429,2,4,0,0
B,I1,1,配方:furnace:table:0,0.0,False,0.1429,4,2,0,0
B,I1,1,配方:iron_ingot:smelt,0.0,False,0.0909,6,4,0,0
B,I1,1,配方:oak_fence:table:0,0.0355,False,0.2,2,2,0,0
B,I1,1,配方:oak_planks:hand:0,0.0162,False,0.1429,2,4,0,0
B,I1,1,配方:stick:hand:0,0.0355,False,0.2,2,2,0,1
B,I1,1,配方:stone_pickaxe:table:0,0.0192,False,0.3333,2,0,0,0
B,I1,1,配方:wooden_pickaxe:table:0,2.6673,True,0.3333,0,2,0,1
B,I2,1,cobblestone,0.0236,False,0.2,2,2,0,0
B,I2,1,crafting_table,0.0,False,0.1111,4,4,0,0
B,I2,1,deepslate_iron_ore,0.0,False,0.1111,4,4,0,0
B,I2,1,diamond,0.0,False,0.1111,4,4,0,0
B,I2,1,diamond_ore,0.0,False,0.1111,4,4,0,0
B,I2,1,dirt,0.0,False,0.1111,4,4,0,0
B,I2,1,furnace,0.0,False,0.1111,4,4,0,0
B,I2,1,grass_block,0.0,False,0.1111,4,4,0,0
B,I2,1,iron_ingot,0.0,False,0.1111,4,4,0,0
B,I2,1,iron_ore,0.0305,False,0.1429,4,2,0,1
B,I2,1,oak_fence,0.0,False,0.1111,4,4,0,0
B,I2,1,oak_log,0.0,False,0.1111,4,4,0,0
B,I2,1,oak_planks,0.0,False,0.1429,2,4,0,0
B,I2,1,raw_iron,0.0,False,0.1111,4,4,0,0
B,I2,1,stick,0.0192,False,0.2,2,2,0,0
B,I2,1,stone,0.0236,False,0.2,2,2,0,0
B,I2,1,stone_pickaxe,0.0305,False,0.1429,4,2,0,0
B,I2,1,wooden_pickaxe,0.0,False,0.1429,2,4,0,0
B,I2,1,健康,0.0,False,0.0,,,0,0
B,I2,1,可采资源,0.0595,False,0.1429,3,3,0,1
B,I2,1,实体:birch_log,2.5,True,0.0,,,0,1
B,I2,1,实体:gold_nugget,3.75,True,0.0,,,0,1
B,I2,1,物品:cobblestone,0.2343,False,0.2,3,1,0,1
B,I2,1,物品:crafting_table,0.0,False,0.1111,3,5,0,0
B,I2,1,物品:furnace,0.0118,False,0.1111,5,3,0,0
B,I2,1,物品:iron_ingot,0.0,False,0.0909,5,5,0,0
B,I2,1,物品:iron_ore,0.0,False,0.0,,,0,0
B,I2,1,物品:oak_fence,0.0064,False,0.1429,3,3,0,0
B,I2,1,物品:oak_log,0.0,False,0.1111,3,5,0,0
B,I2,1,物品:oak_planks,0.0224,False,0.2,1,3,0,0
B,I2,1,物品:raw_iron,0.0091,False,0.1111,5,3,0,0
B,I2,1,物品:stick,0.239,False,0.3333,1,1,1,1
B,I2,1,物品:stone,0.0,False,0.0,,,0,0
B,I2,1,物品:stone_pickaxe,0.2305,False,0.2,3,1,0,1
B,I2,1,物品:wooden_pickaxe,0.0206,False,0.2,1,3,0,0
B,I2,1,玩家,0.0,False,0.0,,,0,0
B,I2,1,生存需求,0.0,False,0.0,,,0,0
B,I2,1,用户资产保护,0.0,False,0.0,,,0,0
B,I2,1,配方:crafting_table:hand:0,0.0,False,0.1429,2,4,0,0
B,I2,1,配方:furnace:table:0,0.0236,False,0.1429,4,2,0,0
B,I2,1,配方:iron_ingot:smelt,0.0,False,0.0909,6,4,0,0
B,I2,1,配方:oak_fence:table:0,0.0192,False,0.2,2,2,0,0
B,I2,1,配方:oak_planks:hand:0,0.0,False,0.1429,2,4,0,0
B,I2,1,配方:stick:hand:0,0.0192,False,0.2,2,2,0,0
B,I2,1,配方:stone_pickaxe:table:0,2.7077,True,0.3333,2,0,0,1
B,I2,1,配方:wooden_pickaxe:table:0,0.0192,False,0.3333,0,2,0,0
B,I3,1,cobblestone,0.0472,False,0.2,2,2,0,0
B,I3,1,crafting_table,0.0,False,0.1111,4,4,0,0
B,I3,1,deepslate_iron_ore,0.0,False,0.1111,4,4,0,0
B,I3,1,diamond,0.0,False,0.1111,4,4,0,0
B,I3,1,diamond_ore,0.0,False,0.1111,4,4,0,0
B,I3,1,dirt,0.0,False,0.1111,4,4,0,0
B,I3,1,furnace,0.0,False,0.1111,4,4,0,0
B,I3,1,grass_block,0.0,False,0.1111,4,4,0,0
B,I3,1,iron_ingot,0.0,False,0.1111,4,4,0,0
B,I3,1,iron_ore,0.0305,False,0.1429,4,2,0,0
B,I3,1,oak_fence,0.0,False,0.1111,4,4,0,0
B,I3,1,oak_log,0.0,False,0.1111,4,4,0,0
B,I3,1,oak_planks,0.0162,False,0.1429,2,4,0,0
B,I3,1,raw_iron,0.0,False,0.1111,4,4,0,0
B,I3,1,stick,0.0357,False,0.2,2,2,0,0
B,I3,1,stone,0.0472,False,0.2,2,2,0,0
B,I3,1,stone_pickaxe,0.0305,False,0.1429,4,2,0,0
B,I3,1,wooden_pickaxe,0.0236,False,0.1429,2,4,0,0
B,I3,1,健康,0.0,False,0.0,,,0,0
B,I3,1,可采资源,0.1105,False,0.1429,3,3,0,0
B,I3,1,实体:diamond,2.5,True,0.0,,,0,1
B,I3,1,实体:emerald,3.75,True,0.0,,,0,1
B,I3,1,物品:cobblestone,0.2484,False,0.2,3,1,0,1
B,I3,1,物品:crafting_table,0.0081,False,0.1111,3,5,0,0
B,I3,1,物品:furnace,0.0118,False,0.1111,5,3,0,0
B,I3,1,物品:iron_ingot,0.0,False,0.0909,5,5,0,0
B,I3,1,物品:iron_ore,0.0,False,0.0,,,0,0
B,I3,1,物品:oak_fence,0.0173,False,0.1429,3,3,0,0
B,I3,1,物品:oak_log,0.0081,False,0.1111,3,5,0,0
B,I3,1,物品:oak_planks,0.2748,False,0.2,1,3,0,1
B,I3,1,物品:raw_iron,0.0091,False,0.1111,5,3,0,0
B,I3,1,物品:stick,0.4753,False,0.3333,1,1,1,1
B,I3,1,物品:stone,0.0,False,0.0,,,0,0
B,I3,1,物品:stone_pickaxe,0.2305,False,0.2,3,1,0,0
B,I3,1,物品:wooden_pickaxe,0.2467,False,0.2,1,3,0,1
B,I3,1,玩家,0.0,False,0.0,,,0,0
B,I3,1,生存需求,0.0,False,0.0,,,0,0
B,I3,1,用户资产保护,0.0,False,0.0,,,0,0
B,I3,1,配方:crafting_table:hand:0,0.0162,False,0.1429,2,4,0,0
B,I3,1,配方:furnace:table:0,0.0236,False,0.1429,4,2,0,0
B,I3,1,配方:iron_ingot:smelt,0.0,False,0.0909,6,4,0,0
B,I3,1,配方:oak_fence:table:0,0.0519,False,0.2,2,2,0,0
B,I3,1,配方:oak_planks:hand:0,0.0162,False,0.1429,2,4,0,0
B,I3,1,配方:stick:hand:0,0.0519,False,0.2,2,2,0,0
B,I3,1,配方:stone_pickaxe:table:0,2.7544,True,0.3333,2,0,0,1
B,I3,1,配方:wooden_pickaxe:table:0,2.714,True,0.3333,0,2,0,1
