input_cond,metric,n,mean_F,mean_B,p,effect_r
I1,shared_activation,1,0.4167,0.2525,1.0,1.0
I1,activated_nodes,1,6,22,1.0,1.0
I1,reach2,1,0,10,1.0,1.0
I1,reach3,1,0,6,1.0,1.0
I1,spearman_score_act,1,0.2648,0.5424,1.0,1.0
I1,shared_mass,1,0.4167,0.2525,1.0,1.0
I1,activation_gini,1,0.4167,0.8237,1.0,1.0
I2,shared_activation,1,0.4167,0.239,1.0,1.0
I2,activated_nodes,1,6,21,1.0,1.0
I2,reach2,1,0,9,1.0,1.0
I2,reach3,1,0,6,1.0,1.0
I2,spearman_score_act,1,0.2747,0.513,1.0,1.0
I2,shared_mass,1,0.4167,0.239,1.0,1.0
I2,activation_gini,1,0.4167,0.8164,1.0,1.0
I3,shared_activation,1,0.8333,0.4753,1.0,1.0
I3,activated_nodes,1,9,27,1.0,1.0
I3,reach2,1,0,12,1.0,1.0
I3,reach3,1,0,6,1.0,1.0
I3,spearman_score_act,1,0.3253,0.6454,1.0,1.0
I3,shared_mass,1,0.8333,0.4753,1.0,1.0
I3,activation_gini,1,0.4175,0.7916,1.0,1.0
