condition,task,seed,phase,step,step_global,pre_n_top,pre_gini,pre_top1,post_n_top,post_top1,post_mass,post_total_mass,post_gini,post_entropy,post_distinct,post_density,post_components,post_isolated,post_rels,n_active,logged_set_matches_replay,action,ok
fas_full,T1,1,1,0,0,0,,,5,2.375,11.875,11.875,0.0,2.3219,1,0.0,5,5,,5,0,wait,True
fas_full,T1,1,1,1,1,5,0.0,2.375,7,4.631,23.156,23.156,0.1744,2.7217,3,0.0,7,7,,7,0,gather_oak_log,True
fas_full,T1,1,1,2,2,7,0.1744,4.631,8,4.75,25.656,27.799,0.1861,2.9032,4,0.0,8,8,,9,0,craft_oak_planks,True
fas_full,T1,1,2,0,3,8,0.1861,4.75,8,4.75,29.728,31.872,0.1606,2.9233,4,0.0,8,8,,9,0,wait,True
fas_full,T1,1,2,1,4,8,0.1606,4.75,8,4.75,30.073,32.109,0.1656,2.9089,3,0.0,8,8,,9,0,wait,True
fas_full,T1,1,2,2,5,8,0.1656,4.75,8,4.75,29.757,31.691,0.174,2.8987,3,0.0,8,8,,9,0,wait,True
fas_full,T1,1,2,3,6,8,0.174,4.75,8,4.75,33.635,35.569,0.0892,2.9617,4,0.0,8,8,,9,0,gather_oak_log,True
fas_full,T1,1,2,4,7,8,0.0892,4.75,8,4.75,33.592,35.43,0.0981,2.956,3,0.0,8,8,,9,0,wait,True
fas_full,T1,1,2,5,8,8,0.0981,4.75,8,4.75,35.319,39.121,0.0413,2.9957,4,0.0,8,8,,9,0,craft_oak_planks,True
fas_full,T1,2,1,0,0,0,,,5,2.375,11.875,11.875,0.0,2.3219,1,0.0,5,5,,5,0,wait,True
fas_full,T1,2,1,1,1,5,0.0,2.375,5,4.631,23.156,23.156,0.0,2.3219,1,0.0,5,5,,5,1,wait,True
fas_full,T1,2,1,2,2,5,0.0,4.631,5,4.75,23.75,23.75,0.0,2.3219,1,0.0,5,5,,5,1,wait,True
fas_full,T1,2,1,3,3,5,0.0,4.75,7,4.75,28.025,28.025,0.1235,2.754,3,0.0,7,7,,7,0,gather_oak_log,True
fas_full,T1,2,1,4,4,7,0.1235,4.75,8,4.75,29.83,32.086,0.1528,2.9338,4,0.0,8,8,,9,0,craft_oak_planks,True
fas_full,T1,2,2,0,5,8,0.1528,4.75,8,4.75,30.406,32.549,0.157,2.9187,3,0.0,8,8,,9,0,wait,True
fas_full,T1,2,2,1,6,8,0.157,4.75,8,4.75,34.241,36.384,0.0765,2.9686,4,0.0,8,8,,9,0,gather_oak_log,True
fas_full,T1,2,2,2,7,8,0.0765,4.75,8,4.75,35.837,40.028,0.0266,2.9983,4,0.0,8,8,,9,0,craft_oak_planks,True
fas_full,T1,3,1,0,0,0,,,5,2.375,11.875,11.875,0.0,2.3219,1,0.0,5,5,,5,0,wait,True
fas_full,T1,3,1,1,1,5,0.0,2.375,7,4.631,23.156,23.156,0.1744,2.7217,3,0.0,7,7,,7,0,gather_oak_log,True
fas_full,T1,3,1,2,2,7,0.1744,4.631,8,4.75,25.656,27.799,0.1861,2.9032,4,0.0,8,8,,9,0,craft_oak_planks,True
fas_full,T1,3,2,0,3,8,0.1861,4.75,8,4.75,29.728,31.872,0.1606,2.9233,4,0.0,8,8,,9,0,wait,True
fas_full,T1,3,2,1,4,8,0.1606,4.75,8,4.75,30.073,32.109,0.1656,2.9089,3,0.0,8,8,,9,0,wait,True
fas_full,T1,3,2,2,5,8,0.1656,4.75,8,4.75,29.757,31.691,0.174,2.8987,3,0.0,8,8,,9,0,wait,True
fas_full,T1,3,2,3,6,8,0.174,4.75,8,4.75,29.457,31.294,0.1821,2.8883,3,0.0,8,8,,9,0,wait,True
fas_full,T1,3,2,4,7,8,0.1821,4.75,8,4.75,29.171,30.917,0.1899,2.8776,3,0.0,8,8,,9,0,wait,True
fas_full,T1,3,2,5,8,8,0.1899,4.75,8,4.75,28.9,30.559,0.1975,2.8667,3,0.0,8,8,,9,0,wait,True
fas_full,T1,3,2,6,9,8,0.1975,4.75,8,4.75,28.643,30.218,0.2049,2.8555,3,0.0,8,8,,9,0,wait,True
fas_full,T1,4,1,0,0,0,,,5,2.375,11.875,11.875,0.0,2.3219,1,0.0,5,5,,5,0,wait,True
fas_full,T1,4,1,1,1,5,0.0,2.375,7,4.631,23.156,23.156,0.1744,2.7217,3,0.0,7,7,,7,0,gather_oak_log,True
fas_full,T1,4,1,2,2,7,0.1744,4.631,8,4.75,25.656,27.799,0.1861,2.9032,4,0.0,8,8,,9,0,craft_oak_planks,True
fas_full,T1,4,2,0,3,8,0.1861,4.75,8,4.75,29.836,31.872,0.1632,2.9187,4,0.0,8,8,,9,0,gather_oak_log,True
fas_full,T1,4,2,1,4,8,0.1632,4.75,8,4.75,33.806,35.741,0.0864,2.9618,4,0.0,8,8,,9,0,craft_oak_planks,True
fas_full,T2,1,1,0,0,0,,,5,2.375,11.875,11.875,0.0,2.3219,1,0.0,5,5,,5,0,gather_oak_log,True
fas_full,T2,1,1,1,1,5,0.0,2.375,7,4.631,23.156,23.156,0.1744,2.7217,3,0.0,7,7,,7,0,wait,True
fas_full,T2,1,1,2,2,7,0.1744,4.631,8,4.75,25.656,27.799,0.1861,2.9032,4,0.0,8,8,,9,0,craft_oak_planks,True
fas_full,T2,2,1,0,0,0,,,5,2.375,11.875,11.875,0.0,2.3219,1,0.0,5,5,,5,0,wait,True
fas_full,T2,2,1,1,1,5,0.0,2.375,7,4.631,23.156,23.156,0.1744,2.7217,3,0.0,7,7,,7,0,gather_oak_log,True
fas_full,T2,2,1,2,2,7,0.1744,4.631,8,4.75,25.656,27.799,0.1861,2.9032,4,0.0,8,8,,9,0,craft_oak_planks,True
fas_full,T2,3,1,0,0,0,,,5,2.375,11.875,11.875,0.0,2.3219,1,0.0,5,5,,5,0,gather_oak_log,True
fas_full,T2,3,1,1,1,5,0.0,2.375,7,4.631,23.156,23.156,0.1744,2.7217,3,0.0,7,7,,7,0,craft_oak_planks,True
fas_full,T2,4,1,0,0,0,,,5,2.375,11.875,11.875,0.0,2.3219,1,0.0,5,5,,5,0,gather_oak_log,True
fas_full,T2,4,1,1,1,5,0.0,2.375,7,4.631,23.156,23.156,0.1744,2.7217,3,0.0,7,7,,7,0,craft_oak_planks,True
fas_full,T3,1,1,0,0,0,,,7,2.375,16.625,16.625,0.0,2.8074,1,0.0,7,7,,7,0,wait,True
fas_full,T3,1,1,1,1,7,0.0,2.375,7,4.631,32.419,32.419,0.0,2.8074,1,0.0,7,7,,7,1,wait,True
fas_full,T3,1,1,2,2,7,0.0,4.631,8,4.75,34.924,37.299,0.0695,2.9741,3,0.0,8,8,,9,0,gather_oak_log,True
fas_full,T3,1,1,3,3,8,0.0695,4.75,8,4.75,34.484,41.372,0.0768,2.9735,3,0.0,8,8,,11,0,craft_oak_planks,True
fas_full,T3,1,2,0,4,8,0.0768,4.75,8,4.75,35.506,42.049,0.0615,2.9703,2,0.0,8,8,,11,0,wait,True
fas_full,T3,1,2,1,5,8,0.0615,4.75,8,4.75,35.393,41.609,0.0644,2.967,2,0.0,8,8,,11,0,wait,True
fas_full,T3,1,2,2,6,8,0.0644,4.75,8,4.75,35.286,41.191,0.0673,2.9636,2,0.0,8,8,,11,0,wait,True
fas_full,T3,1,2,3,7,8,0.0673,4.75,8,4.75,35.184,40.794,0.07,2.9602,2,0.0,8,8,,11,0,wait,True
fas_full,T3,1,2,4,8,8,0.07,4.75,8,4.75,35.15,44.692,0.0659,2.9741,3,0.0,8,8,,13,0,gather_birch_log,True
fas_full,T3,1,2,5,9,8,0.0659,4.75,8,4.75,35.506,44.571,0.0615,2.9703,2,0.0,8,8,,13,0,wait,True
fas_full,T3,1,2,6,10,8,0.0615,4.75,8,4.75,35.393,44.005,0.0644,2.967,2,0.0,8,8,,13,0,wait,True
fas_full,T3,1,2,7,11,8,0.0644,4.75,8,4.75,35.286,43.467,0.0673,2.9636,2,0.0,8,8,,13,0,wait,True
fas_full,T3,2,1,0,0,0,,,7,2.375,16.625,16.625,0.0,2.8074,1,0.0,7,7,,7,0,wait,True
fas_full,T3,2,1,1,1,7,0.0,2.375,7,4.631,32.419,32.419,0.0,2.8074,1,0.0,7,7,,7,1,wait,True
fas_full,T3,2,1,2,2,7,0.0,4.631,7,4.75,33.25,33.25,0.0,2.8074,1,0.0,7,7,,7,1,wait,True
fas_full,T3,2,1,3,3,7,0.0,4.75,7,4.75,33.25,33.25,0.0,2.8074,1,0.0,7,7,,7,1,wait,True
fas_full,T3,2,1,4,4,7,0.0,4.75,7,4.75,33.25,33.25,0.0,2.8074,1,0.0,7,7,,7,1,wait,True
fas_full,T3,2,2,0,5,7,0.0,4.75,8,4.75,35.15,37.525,0.0659,2.9741,3,0.0,8,8,,9,0,gather_birch_log,True
fas_full,T3,2,2,1,6,8,0.0659,4.75,8,4.75,35.506,37.763,0.0615,2.9703,2,0.0,8,8,,9,0,wait,True
fas_full,T3,2,2,2,7,8,0.0615,4.75,8,4.75,35.393,37.537,0.0644,2.967,2,0.0,8,8,,9,0,wait,True
fas_full,T3,2,2,3,8,8,0.0644,4.75,8,4.75,35.15,41.598,0.0659,2.9741,3,0.0,8,8,,11,0,craft_birch_planks,True
fas_full,T3,3,1,0,0,0,,,7,2.375,16.625,16.625,0.0,2.8074,1,0.0,7,7,,7,0,wait,True
fas_full,T3,3,1,1,1,7,0.0,2.375,7,4.631,32.419,32.419,0.0,2.8074,1,0.0,7,7,,7,1,wait,True
fas_full,T3,3,1,2,2,7,0.0,4.631,8,4.75,34.924,37.299,0.0695,2.9741,3,0.0,8,8,,9,0,gather_oak_log,True
fas_full,T3,3,1,3,3,8,0.0695,4.75,8,4.75,35.506,37.763,0.0615,2.9703,2,0.0,8,8,,9,0,wait,True
fas_full,T3,3,1,4,4,8,0.0615,4.75,8,4.75,35.15,41.812,0.0659,2.9741,3,0.0,8,8,,11,0,craft_oak_planks,True
fas_full,T3,3,2,0,5,8,0.0659,4.75,8,4.75,35.506,41.835,0.0615,2.9703,2,0.0,8,8,,11,0,wait,True
fas_full,T3,3,2,1,6,8,0.0615,4.75,8,4.75,35.393,41.406,0.0644,2.967,2,0.0,8,8,,11,0,wait,True
fas_full,T3,3,2,2,7,8,0.0644,4.75,8,4.75,35.286,40.998,0.0673,2.9636,2,0.0,8,8,,11,0,wait,True
fas_full,T3,3,2,3,8,8,0.0673,4.75,8,4.75,35.15,44.886,0.0659,2.9741,3,0.0,8,8,,13,0,gather_birch_log,True
fas_full,T3,3,2,4,9,8,0.0659,4.75,8,4.75,34.699,48.579,0.0732,2.9739,3,0.0,8,8,,15,0,craft_birch_planks,True
fas_full,T3,4,1,0,0,0,,,7,2.375,16.625,16.625,0.0,2.8074,1,0.0,7,7,,7,0,wait,True
fas_full,T3,4,1,1,1,7,0.0,2.375,7,4.631,32.419,32.419,0.0,2.8074,1,0.0,7,7,,7,1,wait,True
fas_full,T3,4,1,2,2,7,0.0,4.631,7,4.75,33.25,33.25,0.0,2.8074,1,0.0,7,7,,7,1,wait,True
fas_full,T3,4,1,3,3,7,0.0,4.75,7,4.75,33.25,33.25,0.0,2.8074,1,0.0,7,7,,7,1,wait,True
fas_full,T3,4,1,4,4,7,0.0,4.75,7,4.75,33.25,33.25,0.0,2.8074,1,0.0,7,7,,7,1,wait,True
fas_full,T3,4,2,0,5,7,0.0,4.75,7,4.75,33.25,33.25,0.0,2.8074,1,0.0,7,7,,7,1,wait,True
fas_full,T3,4,2,1,6,7,0.0,4.75,7,4.75,33.25,33.25,0.0,2.8074,1,0.0,7,7,,7,1,wait,True
fas_full,T3,4,2,2,7,7,0.0,4.75,7,4.75,33.25,33.25,0.0,2.8074,1,0.0,7,7,,7,1,wait,True
fas_full,T3,4,2,3,8,7,0.0,4.75,7,4.75,33.25,33.25,0.0,2.8074,1,0.0,7,7,,7,1,wait,True
fas_full,T3,4,2,4,9,7,0.0,4.75,7,4.75,33.25,33.25,0.0,2.8074,1,0.0,7,7,,7,1,wait,True
fas_full,T3,4,2,5,10,7,0.0,4.75,8,4.75,35.15,37.525,0.0659,2.9741,3,0.0,8,8,,9,0,gather_birch_log,True
fas_full,T3,4,2,6,11,8,0.0659,4.75,8,4.75,34.699,41.586,0.0732,2.9739,3,0.0,8,8,,11,0,craft_birch_planks,True
fas_full,T4,1,1,0,0,0,,,6,4.75,19.0,19.0,0.1667,2.5,2,0.0,6,6,,6,0,wait,True
fas_full,T4,1,1,1,1,6,0.1667,4.75,8,4.75,28.025,28.025,0.1737,2.9152,4,0.0,8,8,,8,0,gather_oak_log,True
fas_full,T4,1,1,2,2,8,0.1737,4.75,8,4.75,32.549,32.549,0.1185,2.9455,3,0.0,8,8,,8,1,wait,True
fas_full,T4,1,1,3,3,8,0.1185,4.75,8,4.75,32.787,32.787,0.1193,2.9372,2,0.0,8,8,,8,1,wait,True
fas_full,T4,1,1,4,4,8,0.1193,4.75,8,4.75,32.573,32.573,0.125,2.9304,2,0.0,8,8,,8,1,wait,True
fas_full,T4,1,1,5,5,8,0.125,4.75,8,4.75,32.369,32.369,0.1305,2.9235,2,0.0,8,8,,8,1,wait,True
fas_full,T4,1,1,6,6,8,0.1305,4.75,8,4.75,32.775,36.45,0.1123,2.9519,3,0.0,8,8,,10,0,craft_oak_planks,True
fas_full,T4,2,1,0,0,0,,,6,4.75,19.0,19.0,0.1667,2.5,2,0.0,6,6,,6,0,wait,True
fas_full,T4,2,1,1,1,6,0.1667,4.75,8,4.75,28.025,28.025,0.1737,2.9152,4,0.0,8,8,,8,0,gather_oak_log,True
fas_full,T4,2,1,2,2,8,0.1737,4.75,8,4.75,32.549,32.549,0.1185,2.9455,3,0.0,8,8,,8,1,wait,True
fas_full,T4,2,1,3,3,8,0.1185,4.75,8,4.75,32.787,32.787,0.1193,2.9372,2,0.0,8,8,,8,1,wait,True
fas_full,T4,2,1,4,4,8,0.1193,4.75,8,4.75,32.775,36.848,0.1123,2.9519,3,0.0,8,8,,10,0,craft_oak_planks,True
fas_full,T4,3,1,0,0,0,,,6,4.75,19.0,19.0,0.1667,2.5,2,0.0,6,6,,6,0,wait,True
fas_full,T4,3,1,1,1,6,0.1667,4.75,6,4.75,28.025,28.025,0.0056,2.5849,2,0.0,6,6,,6,1,wait,True
fas_full,T4,3,1,2,2,6,0.0056,4.75,8,4.75,32.549,32.549,0.1148,2.9524,3,0.0,8,8,,8,0,gather_oak_log,True
fas_full,T4,3,1,3,3,8,0.1148,4.75,8,4.75,33.013,33.013,0.1133,2.9438,2,0.0,8,8,,8,1,wait,True
fas_full,T4,3,1,4,4,8,0.1133,4.75,8,4.75,32.775,37.062,0.1123,2.9519,3,0.0,8,8,,10,0,craft_oak_planks,True
fas_full,T4,4,1,0,0,0,,,6,4.75,19.0,19.0,0.1667,2.5,2,0.0,6,6,,6,0,wait,True
fas_full,T4,4,1,1,1,6,0.1667,4.75,6,4.75,28.025,28.025,0.0056,2.5849,2,0.0,6,6,,6,1,wait,True
fas_full,T4,4,1,2,2,6,0.0056,4.75,6,4.75,28.5,28.5,0.0,2.585,1,0.0,6,6,,6,1,wait,True
fas_full,T4,4,1,3,3,6,0.0,4.75,6,4.75,28.5,28.5,0.0,2.585,1,0.0,6,6,,6,1,wait,True
fas_full,T4,4,1,4,4,6,0.0,4.75,6,4.75,28.5,28.5,0.0,2.585,1,0.0,6,6,,6,1,wait,True
fas_full,T4,4,1,5,5,6,0.0,4.75,6,4.75,28.5,28.5,0.0,2.585,1,0.0,6,6,,6,1,wait,True
fas_full,T4,4,1,6,6,6,0.0,4.75,8,4.75,32.775,32.775,0.1123,2.9519,3,0.0,8,8,,8,0,gather_oak_log,True
fas_full,T4,4,1,7,7,8,0.1123,4.75,8,4.75,32.324,36.836,0.1174,2.9528,3,0.0,8,8,,10,0,craft_oak_planks,True
D-noact,T2,1,1,0,0,0,,,5,2.375,11.875,11.875,0.0,2.3219,1,0.0,5,5,,5,0,gather_oak_log,True
D-noact,T2,1,1,1,1,5,0.0,2.375,7,4.631,23.156,23.156,0.1744,2.7217,3,0.0,7,7,,7,0,craft_oak_planks,True
D-noact,T2,2,1,0,0,0,,,5,2.375,11.875,11.875,0.0,2.3219,1,0.0,5,5,,5,0,gather_oak_log,True
D-noact,T2,2,1,1,1,5,0.0,2.375,7,4.631,23.156,23.156,0.1744,2.7217,3,0.0,7,7,,7,0,wait,True
D-noact,T2,2,1,2,2,7,0.1744,4.631,8,4.75,25.656,27.799,0.1861,2.9032,4,0.0,8,8,,9,0,craft_oak_planks,True
D-noact,T3,1,1,0,0,0,,,7,2.375,16.625,16.625,0.0,2.8074,1,0.0,7,7,,7,0,wait,True
D-noact,T3,1,1,1,1,7,0.0,2.375,8,4.631,30.162,32.419,0.1437,2.9326,3,0.0,8,8,,9,0,gather_oak_log,True
D-noact,T3,1,1,2,2,8,0.1437,4.631,8,4.75,30.756,37.299,0.1482,2.9281,3,0.0,8,8,,11,0,craft_oak_planks,True
D-noact,T3,1,2,0,3,8,0.1482,4.75,8,4.75,34.829,41.372,0.0724,2.9709,3,0.0,8,8,,11,0,wait,True
D-noact,T3,1,2,1,4,8,0.0724,4.75,8,4.75,34.506,45.241,0.0764,2.9736,3,0.0,8,8,,13,0,gather_birch_log,True
D-noact,T3,1,2,2,5,8,0.0764,4.75,8,4.75,35.506,45.704,0.0615,2.9703,2,0.0,8,8,,13,0,wait,True
D-noact,T3,1,2,3,6,8,0.0615,4.75,8,4.75,35.393,45.081,0.0644,2.967,2,0.0,8,8,,13,0,wait,True
D-noact,T3,1,2,4,7,8,0.0644,4.75,8,4.75,35.15,48.765,0.0659,2.9741,3,0.0,8,8,,15,0,craft_birch_planks,True
D-noact,T3,2,1,0,0,0,,,7,2.375,16.625,16.625,0.0,2.8074,1,0.0,7,7,,7,0,wait,True
D-noact,T3,2,1,1,1,7,0.0,2.375,8,4.631,30.162,32.419,0.1437,2.9326,3,0.0,8,8,,9,0,gather_oak_log,True
D-noact,T3,2,1,2,2,8,0.1437,4.631,8,4.75,30.756,37.299,0.1482,2.9281,3,0.0,8,8,,11,0,craft_oak_planks,True
D-noact,T3,2,2,0,3,8,0.1482,4.75,8,4.75,30.756,41.372,0.1482,2.9281,3,0.0,8,8,,13,0,gather_birch_log,True
D-noact,T3,2,2,1,4,8,0.1482,4.75,8,4.75,34.625,45.241,0.0757,2.9708,3,0.0,8,8,,13,0,wait,True
D-noact,T3,2,2,2,5,8,0.0757,4.75,8,4.75,34.313,48.916,0.0797,2.9731,3,0.0,8,8,,15,0,craft_birch_planks,True
