task,seed,phase,step,n_fas,n_flat,jaccard_fas_flat,jaccard_fas_noact,jaccard_fas_nodemand,fas_only,flat_only
T2,1,1,1,5,5,1.0,1.0,1.0,,
T2,2,1,1,5,5,0.429,0.429,0.429,动作:wait;结果:unparseable_reply,动作:gather_oak_log;结果:got:oak_log
T2,3,1,1,5,5,1.0,1.0,1.0,,
T2,4,1,1,5,5,1.0,1.0,1.0,,
T2,5,1,1,5,5,1.0,1.0,1.0,,
T2,6,1,1,5,5,1.0,1.0,1.0,,
T2,7,1,1,5,5,1.0,1.0,1.0,,
T2,8,1,1,5,5,1.0,1.0,1.0,,
T2,9,1,1,5,5,1.0,1.0,1.0,,
T2,10,1,1,5,5,1.0,0.429,0.429,,
T2,10,1,2,7,7,1.0,1.0,,,
T2,11,1,1,5,5,0.429,0.429,0.429,动作:wait;结果:unparseable_reply,动作:gather_oak_log;结果:got:oak_log
T2,11,1,2,7,7,1.0,,,,
T2,12,1,1,5,5,1.0,1.0,1.0,,
T2,12,1,2,7,7,1.0,1.0,,,
T2,13,1,1,5,5,0.429,0.429,0.429,动作:wait;结果:unparseable_reply,动作:gather_oak_log;结果:got:oak_log
T2,13,1,2,7,7,1.0,,,,
T2,14,1,1,5,5,1.0,1.0,1.0,,
T2,15,1,1,5,5,1.0,1.0,1.0,,
T2,16,1,1,5,5,1.0,1.0,1.0,,
T2,17,1,1,5,5,1.0,1.0,1.0,,
T2,18,1,1,5,5,1.0,1.0,1.0,,
T2,19,1,1,5,5,1.0,1.0,1.0,,
T2,20,1,1,5,5,1.0,0.429,1.0,,
T3,1,1,1,7,7,0.556,1.0,0.556,动作:wait;结果:unparseable_reply,动作:gather_oak_log;结果:got:oak_log
T3,1,2,0,8,8,0.455,0.6,0.6,动作:wait;实体:hunger;结果:unparseable_reply,动作:craft_oak_planks;动作:gather_oak_log;结果:got:oak_log
T3,1,2,1,8,8,0.455,1.0,1.0,动作:wait;实体:hunger;结果:unparseable_reply,动作:craft_oak_planks;动作:gather_oak_log;结果:got:oak_log
T3,1,2,2,8,8,0.455,0.778,1.0,动作:wait;实体:hunger;结果:unparseable_reply,动作:craft_oak_planks;动作:gather_oak_log;结果:got:oak_log
T3,1,2,3,8,8,0.455,0.778,0.778,动作:wait;实体:hunger;结果:unparseable_reply,动作:craft_oak_planks;动作:gather_oak_log;结果:got:oak_log
T3,2,1,1,7,7,1.0,1.0,0.556,,
T3,2,1,2,7,7,1.0,0.667,0.875,,
T3,2,1,3,7,7,1.0,,,,
T3,2,1,4,7,8,0.667,,,实体:hunger,动作:gather_oak_log;结果:got:oak_log
T3,2,2,0,7,8,0.364,0.5,0.667,动作:wait;实体:hunger;结果:unparseable_reply,动作:craft_oak_planks;动作:gather_oak_log;结果:crafted:oak_planks;结果:got:oak_log
T3,2,2,1,8,8,0.333,0.6,0.778,动作:wait;实体:hunger;结果:got:birch_log;结果:unparseable_reply,动作:craft_oak_planks;动作:gather_oak_log;结果:crafted:oak_planks;结果:got:oak_log
T3,2,2,2,8,8,0.333,1.0,1.0,动作:wait;实体:hunger;结果:got:birch_log;结果:unparseable_reply,动作:craft_oak_planks;动作:gather_oak_log;结果:crafted:oak_planks;结果:got:oak_log
T3,2,2,3,8,8,0.333,,,动作:wait;实体:hunger;结果:got:birch_log;结果:unparseable_reply,动作:craft_oak_planks;动作:gather_oak_log;结果:crafted:oak_planks;结果:got:oak_log
T3,3,1,1,7,7,1.0,0.556,0.556,,
T3,3,1,2,7,7,1.0,,,,
T3,3,1,3,8,7,0.875,,,结果:got:oak_log,
T3,3,1,4,8,8,0.778,,,实体:hunger,动作:gather_oak_log
T3,3,2,0,8,8,0.6,0.6,0.6,实体:hunger;结果:crafted:oak_planks,动作:gather_oak_log;结果:got:oak_log
T3,3,2,1,8,8,0.6,1.0,1.0,实体:hunger;结果:crafted:oak_planks,动作:gather_oak_log;结果:got:oak_log
T3,4,1,1,7,7,1.0,0.556,0.556,,
T3,4,1,2,7,7,1.0,,,,
T3,4,1,3,7,7,1.0,,,,
T3,4,1,4,7,8,0.667,,,实体:hunger,动作:gather_oak_log;结果:got:oak_log
T3,4,2,0,7,8,0.364,0.5,0.5,动作:wait;实体:hunger;结果:unparseable_reply,动作:craft_oak_planks;动作:gather_oak_log;结果:crafted:oak_planks;结果:got:oak_log
T3,4,2,1,7,8,0.364,0.875,0.5,动作:wait;实体:hunger;结果:unparseable_reply,动作:craft_oak_planks;动作:gather_oak_log;结果:crafted:oak_planks;结果:got:oak_log
T3,4,2,2,7,8,0.364,0.667,,动作:wait;实体:hunger;结果:unparseable_reply,动作:craft_oak_planks;动作:gather_oak_log;结果:crafted:oak_planks;结果:got:oak_log
T3,4,2,3,7,8,0.364,,,动作:wait;实体:hunger;结果:unparseable_reply,动作:craft_oak_planks;动作:gather_oak_log;结果:crafted:oak_planks;结果:got:oak_log
T3,4,2,4,7,8,0.364,,,动作:wait;实体:hunger;结果:unparseable_reply,动作:craft_oak_planks;动作:gather_oak_log;结果:crafted:oak_planks;结果:got:oak_log
T3,4,2,5,7,8,0.364,,,动作:wait;实体:hunger;结果:unparseable_reply,动作:craft_oak_planks;动作:gather_oak_log;结果:crafted:oak_planks;结果:got:oak_log
T3,4,2,6,8,8,0.333,,,动作:wait;实体:hunger;结果:got:birch_log;结果:unparseable_reply,动作:craft_oak_planks;动作:gather_oak_log;结果:crafted:oak_planks;结果:got:oak_log
T3,5,1,1,7,7,1.0,1.0,0.556,,
T3,5,2,0,8,8,0.778,1.0,0.6,实体:hunger,动作:gather_oak_log
T3,5,2,1,8,8,0.455,1.0,0.778,动作:wait;实体:hunger;结果:unparseable_reply,动作:craft_oak_planks;动作:gather_oak_log;结果:got:oak_log
T3,6,1,1,7,7,1.0,1.0,1.0,,
T3,6,1,2,8,7,0.667,0.667,0.667,动作:gather_oak_log;结果:got:oak_log,动作:wait
T3,6,1,3,8,8,0.778,1.0,1.0,实体:hunger,动作:gather_oak_log
T3,6,2,0,8,8,0.455,1.0,1.0,动作:wait;实体:hunger;结果:unparseable_reply,动作:craft_oak_planks;动作:gather_oak_log;结果:got:oak_log
T3,6,2,1,8,8,0.455,1.0,0.778,动作:wait;实体:hunger;结果:unparseable_reply,动作:craft_oak_planks;动作:gather_oak_log;结果:got:oak_log
T3,6,2,2,8,8,0.333,1.0,,动作:wait;实体:hunger;结果:got:birch_log;结果:unparseable_reply,动作:craft_oak_planks;动作:gather_oak_log;结果:crafted:oak_planks;结果:got:oak_log
T3,7,1,1,7,7,0.556,0.556,1.0,动作:wait;结果:unparseable_reply,动作:gather_oak_log;结果:got:oak_log
T3,7,2,0,8,8,0.778,0.778,1.0,实体:hunger,动作:gather_oak_log
T3,7,2,1,8,8,0.455,1.0,1.0,动作:wait;实体:hunger;结果:unparseable_reply,动作:craft_oak_planks;动作:gather_oak_log;结果:got:oak_log
T3,7,2,2,8,8,0.333,0.778,1.0,动作:wait;实体:hunger;结果:got:birch_log;结果:unparseable_reply,动作:craft_oak_planks;动作:gather_oak_log;结果:crafted:oak_planks;结果:got:oak_log
T3,8,1,1,7,7,0.556,0.556,0.556,动作:wait;结果:unparseable_reply,动作:gather_oak_log;结果:got:oak_log
T3,8,2,0,8,8,0.455,1.0,0.6,动作:wait;实体:hunger;结果:unparseable_reply,动作:craft_oak_planks;动作:gather_oak_log;结果:got:oak_log
T3,8,2,1,8,8,0.333,0.778,0.778,动作:wait;实体:hunger;结果:got:birch_log;结果:unparseable_reply,动作:craft_oak_planks;动作:gather_oak_log;结果:crafted:oak_planks;结果:got:oak_log
T3,9,1,1,7,7,1.0,1.0,1.0,,
T3,9,1,2,7,7,1.0,1.0,1.0,,
T3,9,1,3,8,8,0.778,0.875,0.875,实体:hunger,动作:gather_oak_log
T3,9,2,0,8,8,0.455,0.875,0.875,动作:wait;实体:hunger;结果:unparseable_reply,动作:craft_oak_planks;动作:gather_oak_log;结果:got:oak_log
T3,9,2,1,8,8,0.333,0.875,0.875,动作:wait;实体:hunger;结果:got:birch_log;结果:unparseable_reply,动作:craft_oak_planks;动作:gather_oak_log;结果:crafted:oak_planks;结果:got:oak_log
T3,10,1,1,7,7,1.0,1.0,0.556,,
T3,10,1,2,8,7,0.667,0.667,0.778,动作:gather_oak_log;结果:got:oak_log,动作:wait
T3,10,1,3,8,7,0.875,0.875,,结果:got:oak_log,
T3,10,2,0,8,7,0.875,0.875,0.778,结果:crafted:oak_planks,
T3,10,2,1,8,7,0.875,0.778,0.6,结果:crafted:oak_planks,
T3,10,2,2,8,8,0.6,0.778,0.778,实体:hunger;结果:crafted:oak_planks,动作:gather_birch_log;结果:got:birch_log
T3,11,1,1,7,7,1.0,1.0,0.556,,
T3,11,1,2,7,8,0.667,1.0,,实体:hunger,动作:gather_oak_log;结果:got:oak_log
T3,11,2,0,8,8,0.455,1.0,0.6,动作:wait;实体:hunger;结果:unparseable_reply,动作:craft_oak_planks;动作:gather_oak_log;结果:got:oak_log
T3,11,2,1,8,8,0.333,1.0,0.778,动作:wait;实体:hunger;结果:got:birch_log;结果:unparseable_reply,动作:craft_oak_planks;动作:gather_oak_log;结果:crafted:oak_planks;结果:got:oak_log
T3,11,2,2,8,8,0.333,,0.778,动作:wait;实体:hunger;结果:got:birch_log;结果:unparseable_reply,动作:craft_oak_planks;动作:gather_oak_log;结果:crafted:oak_planks;结果:got:oak_log
T3,12,1,1,7,7,1.0,1.0,0.556,,
T3,12,1,2,8,8,0.778,,0.778,实体:hunger,动作:gather_oak_log
T3,12,2,0,8,8,0.455,0.6,0.6,动作:wait;实体:hunger;结果:unparseable_reply,动作:craft_oak_planks;动作:gather_oak_log;结果:got:oak_log
T3,12,2,1,8,8,0.333,0.778,0.778,动作:wait;实体:hunger;结果:got:birch_log;结果:unparseable_reply,动作:craft_oak_planks;动作:gather_oak_log;结果:crafted:oak_planks;结果:got:oak_log
T3,12,2,2,8,8,0.333,0.778,1.0,动作:wait;实体:hunger;结果:got:birch_log;结果:unparseable_reply,动作:craft_oak_planks;动作:gather_oak_log;结果:crafted:oak_planks;结果:got:oak_log
T3,12,2,3,8,8,0.333,0.778,,动作:wait;实体:hunger;结果:got:birch_log;结果:unparseable_reply,动作:craft_oak_planks;动作:gather_oak_log;结果:crafted:oak_planks;结果:got:oak_log
T3,12,2,4,8,8,0.333,0.778,,动作:wait;实体:hunger;结果:got:birch_log;结果:unparseable_reply,动作:craft_oak_planks;动作:gather_oak_log;结果:crafted:oak_planks;结果:got:oak_log
T3,12,2,5,8,8,0.333,1.0,,动作:wait;实体:hunger;结果:got:birch_log;结果:unparseable_reply,动作:craft_oak_planks;动作:gather_oak_log;结果:crafted:oak_planks;结果:got:oak_log
T3,13,1,1,7,7,0.556,0.556,0.556,动作:wait;结果:unparseable_reply,动作:gather_oak_log;结果:got:oak_log
T3,13,1,2,7,8,0.667,0.875,,实体:hunger,动作:gather_oak_log;结果:got:oak_log
T3,13,2,0,8,8,0.455,0.778,0.6,动作:wait;实体:hunger;结果:unparseable_reply,动作:craft_oak_planks;动作:gather_oak_log;结果:got:oak_log
T3,13,2,1,8,8,0.455,1.0,0.6,动作:wait;实体:hunger;结果:unparseable_reply,动作:craft_oak_planks;动作:gather_oak_log;结果:got:oak_log
T3,14,1,1,7,7,1.0,0.556,1.0,,
T3,14,1,2,7,8,0.667,,1.0,实体:hunger,动作:gather_oak_log;结果:got:oak_log
T3,14,1,3,8,8,0.778,,1.0,实体:hunger,动作:gather_oak_log
T3,14,2,0,8,8,0.455,0.6,1.0,动作:wait;实体:hunger;结果:unparseable_reply,动作:craft_oak_planks;动作:gather_oak_log;结果:got:oak_log
T3,14,2,1,8,8,0.333,0.778,0.778,动作:wait;实体:hunger;结果:got:birch_log;结果:unparseable_reply,动作:craft_oak_planks;动作:gather_oak_log;结果:crafted:oak_planks;结果:got:oak_log
T3,15,1,1,7,7,1.0,0.556,1.0,,
T3,15,1,2,7,7,1.0,0.875,0.667,,
T3,15,1,3,8,8,0.778,,,实体:hunger,动作:gather_oak_log
T3,15,2,0,8,8,0.455,0.778,0.6,动作:wait;实体:hunger;结果:unparseable_reply,动作:craft_oak_planks;动作:gather_oak_log;结果:got:oak_log
T3,15,2,1,8,8,0.455,1.0,1.0,动作:wait;实体:hunger;结果:unparseable_reply,动作:craft_oak_planks;动作:gather_oak_log;结果:got:oak_log
T3,16,1,1,7,7,1.0,1.0,0.556,,
T3,16,1,2,7,8,0.667,1.0,0.875,实体:hunger,动作:gather_oak_log;结果:got:oak_log
T3,16,2,0,8,8,0.455,1.0,0.778,动作:wait;实体:hunger;结果:unparseable_reply,动作:craft_oak_planks;动作:gather_oak_log;结果:got:oak_log
T3,16,2,1,8,8,0.333,1.0,0.6,动作:wait;实体:hunger;结果:got:birch_log;结果:unparseable_reply,动作:craft_oak_planks;动作:gather_oak_log;结果:crafted:oak_planks;结果:got:oak_log
T3,17,1,1,7,7,0.556,1.0,1.0,动作:wait;结果:unparseable_reply,动作:gather_oak_log;结果:got:oak_log
T3,17,2,0,8,8,0.455,0.778,1.0,动作:wait;实体:hunger;结果:unparseable_reply,动作:craft_oak_planks;动作:gather_oak_log;结果:got:oak_log
T3,17,2,1,8,8,0.333,0.778,1.0,动作:wait;实体:hunger;结果:got:birch_log;结果:unparseable_reply,动作:craft_oak_planks;动作:gather_oak_log;结果:crafted:oak_planks;结果:got:oak_log
T3,18,1,1,7,7,0.556,1.0,0.556,动作:wait;结果:unparseable_reply,动作:gather_oak_log;结果:got:oak_log
T3,18,2,0,8,8,0.455,0.778,0.6,动作:wait;实体:hunger;结果:unparseable_reply,动作:craft_oak_planks;动作:gather_oak_log;结果:crafted:oak_planks
T3,18,2,1,8,8,0.333,0.778,0.778,动作:wait;实体:hunger;结果:got:birch_log;结果:unparseable_reply,动作:craft_oak_planks;动作:gather_oak_log;结果:crafted:oak_planks;结果:got:oak_log
T3,19,1,1,7,7,1.0,1.0,1.0,,
T3,19,1,2,7,8,0.667,0.667,1.0,实体:hunger,动作:gather_oak_log;结果:got:oak_log
T3,19,1,3,8,8,0.778,,1.0,实体:hunger,动作:gather_oak_log
T3,19,2,0,8,8,0.455,0.6,1.0,动作:wait;实体:hunger;结果:unparseable_reply,动作:craft_oak_planks;动作:gather_oak_log;结果:got:oak_log
T3,19,2,1,8,8,0.455,1.0,1.0,动作:wait;实体:hunger;结果:unparseable_reply,动作:craft_oak_planks;动作:gather_oak_log;结果:got:oak_log
T3,20,1,1,7,7,0.556,1.0,0.556,动作:wait;结果:unparseable_reply,动作:gather_oak_log;结果:got:oak_log
T3,20,2,0,8,8,0.455,1.0,0.6,动作:wait;实体:hunger;结果:unparseable_reply,动作:craft_oak_planks;动作:gather_oak_log;结果:got:oak_log
T3,20,2,1,8,8,0.333,0.778,0.6,动作:wait;实体:hunger;结果:got:birch_log;结果:unparseable_reply,动作:craft_oak_planks;动作:gather_oak_log;结果:crafted:oak_planks;结果:got:oak_log
