seed,step,n_old,n_new,old_mass,new_mass,old_gt_new,action,ok,detail,context
1,0,3,2,11.88,9.5,1,wait,True,unparseable_reply,Cognitive-graph focus (top activated): | - 实体:birch_planks (act 4.75) | - 实体:birch_log (act 4.75) | - 实体:oak_planks (act 4.75) | - 实体:oak_log (act 4.75) | - 实体:hunger (act 4.75) | - 结果:unparseable_reply (act 4.18) | - 动作:wait (act 4.18) | - 结果:crafted:oak_planks (act 2.38) | (demand module unavailable: KeyError)
1,1,3,2,11.76,9.5,1,wait,True,unparseable_reply,Cognitive-graph focus (top activated): | - 结果:unparseable_reply (act 4.75) | - 动作:wait (act 4.75) | - 实体:birch_planks (act 4.75) | - 实体:birch_log (act 4.75) | - 实体:oak_planks (act 4.75) | - 实体:oak_log (act 4.75) | - 实体:hunger (act 4.75) | - 结果:crafted:oak_planks (act 2.26) | (demand module unavailable: KeyError)
1,2,3,2,11.64,9.5,1,wait,True,unparseable_reply,Cognitive-graph focus (top activated): | - 结果:unparseable_reply (act 4.75) | - 动作:wait (act 4.75) | - 实体:birch_planks (act 4.75) | - 实体:birch_log (act 4.75) | - 实体:oak_planks (act 4.75) | - 实体:oak_log (act 4.75) | - 实体:hunger (act 4.75) | - 结果:crafted:oak_planks (act 2.14) | (demand module unavailable: KeyError)
1,3,3,2,11.54,9.5,1,wait,True,unparseable_reply,Cognitive-graph focus (top activated): | - 结果:unparseable_reply (act 4.75) | - 动作:wait (act 4.75) | - 实体:birch_planks (act 4.75) | - 实体:birch_log (act 4.75) | - 实体:oak_planks (act 4.75) | - 实体:oak_log (act 4.75) | - 实体:hunger (act 4.75) | - 结果:crafted:oak_planks (act 2.04) | (demand module unavailable: KeyError)
1,4,3,2,11.43,9.5,1,gather_birch_log,True,got:birch_log,Cognitive-graph focus (top activated): | - 结果:unparseable_reply (act 4.75) | - 动作:wait (act 4.75) | - 实体:birch_planks (act 4.75) | - 实体:birch_log (act 4.75) | - 实体:oak_planks (act 4.75) | - 实体:oak_log (act 4.75) | - 实体:hunger (act 4.75) | - 结果:crafted:oak_planks (act 1.93) | (demand module unavailable: KeyError)
1,5,2,3,9.5,11.88,0,wait,True,unparseable_reply,Cognitive-graph focus (top activated): | - 实体:birch_planks (act 4.75) | - 实体:birch_log (act 4.75) | - 实体:oak_planks (act 4.75) | - 实体:oak_log (act 4.75) | - 实体:hunger (act 4.75) | - 结果:unparseable_reply (act 4.51) | - 动作:wait (act 4.51) | - 结果:got:birch_log (act 2.38) | (demand module unavailable: KeyError)
1,6,2,3,9.5,11.76,0,wait,True,unparseable_reply,Cognitive-graph focus (top activated): | - 结果:unparseable_reply (act 4.75) | - 动作:wait (act 4.75) | - 实体:birch_planks (act 4.75) | - 实体:birch_log (act 4.75) | - 实体:oak_planks (act 4.75) | - 实体:oak_log (act 4.75) | - 实体:hunger (act 4.75) | - 结果:got:birch_log (act 2.26) | (demand module unavailable: KeyError)
1,7,2,3,9.5,11.64,0,wait,True,unparseable_reply,Cognitive-graph focus (top activated): | - 结果:unparseable_reply (act 4.75) | - 动作:wait (act 4.75) | - 实体:birch_planks (act 4.75) | - 实体:birch_log (act 4.75) | - 实体:oak_planks (act 4.75) | - 实体:oak_log (act 4.75) | - 实体:hunger (act 4.75) | - 结果:got:birch_log (act 2.14) | (demand module unavailable: KeyError)
2,0,2,2,9.5,9.5,0,gather_birch_log,True,got:birch_log,Cognitive-graph focus (top activated): | - 结果:unparseable_reply (act 4.75) | - 动作:wait (act 4.75) | - 实体:birch_planks (act 4.75) | - 实体:birch_log (act 4.75) | - 实体:oak_planks (act 4.75) | - 实体:oak_log (act 4.75) | - 实体:hunger (act 4.75) | (demand module unavailable: KeyError)
2,1,2,3,9.5,11.88,0,wait,True,unparseable_reply,Cognitive-graph focus (top activated): | - 实体:birch_planks (act 4.75) | - 实体:birch_log (act 4.75) | - 实体:oak_planks (act 4.75) | - 实体:oak_log (act 4.75) | - 实体:hunger (act 4.75) | - 结果:unparseable_reply (act 4.51) | - 动作:wait (act 4.51) | - 结果:got:birch_log (act 2.38) | (demand module unavailable: KeyError)
2,2,2,3,9.5,11.76,0,wait,True,unparseable_reply,Cognitive-graph focus (top activated): | - 结果:unparseable_reply (act 4.75) | - 动作:wait (act 4.75) | - 实体:birch_planks (act 4.75) | - 实体:birch_log (act 4.75) | - 实体:oak_planks (act 4.75) | - 实体:oak_log (act 4.75) | - 实体:hunger (act 4.75) | - 结果:got:birch_log (act 2.26) | (demand module unavailable: KeyError)
2,3,2,3,9.5,11.64,0,craft_birch_planks,True,crafted:birch_planks,Cognitive-graph focus (top activated): | - 结果:unparseable_reply (act 4.75) | - 动作:wait (act 4.75) | - 实体:birch_planks (act 4.75) | - 实体:birch_log (act 4.75) | - 实体:oak_planks (act 4.75) | - 实体:oak_log (act 4.75) | - 实体:hunger (act 4.75) | - 结果:got:birch_log (act 2.14) | (demand module unavailable: KeyError)
3,0,3,2,11.88,9.5,1,wait,True,unparseable_reply,Cognitive-graph focus (top activated): | - 实体:birch_planks (act 4.75) | - 实体:birch_log (act 4.75) | - 实体:oak_planks (act 4.75) | - 实体:oak_log (act 4.75) | - 实体:hunger (act 4.75) | - 结果:unparseable_reply (act 4.51) | - 动作:wait (act 4.51) | - 结果:crafted:oak_planks (act 2.38) | (demand module unavailable: KeyError)
3,1,3,2,11.76,9.5,1,wait,True,unparseable_reply,Cognitive-graph focus (top activated): | - 结果:unparseable_reply (act 4.75) | - 动作:wait (act 4.75) | - 实体:birch_planks (act 4.75) | - 实体:birch_log (act 4.75) | - 实体:oak_planks (act 4.75) | - 实体:oak_log (act 4.75) | - 实体:hunger (act 4.75) | - 结果:crafted:oak_planks (act 2.26) | (demand module unavailable: KeyError)
3,2,3,2,11.64,9.5,1,wait,True,unparseable_reply,Cognitive-graph focus (top activated): | - 结果:unparseable_reply (act 4.75) | - 动作:wait (act 4.75) | - 实体:birch_planks (act 4.75) | - 实体:birch_log (act 4.75) | - 实体:oak_planks (act 4.75) | - 实体:oak_log (act 4.75) | - 实体:hunger (act 4.75) | - 结果:crafted:oak_planks (act 2.14) | (demand module unavailable: KeyError)
3,3,3,2,11.54,9.5,1,gather_birch_log,True,got:birch_log,Cognitive-graph focus (top activated): | - 结果:unparseable_reply (act 4.75) | - 动作:wait (act 4.75) | - 实体:birch_planks (act 4.75) | - 实体:birch_log (act 4.75) | - 实体:oak_planks (act 4.75) | - 实体:oak_log (act 4.75) | - 实体:hunger (act 4.75) | - 结果:crafted:oak_planks (act 2.04) | (demand module unavailable: KeyError)
3,4,2,3,9.5,11.88,0,craft_birch_planks,True,crafted:birch_planks,Cognitive-graph focus (top activated): | - 实体:birch_planks (act 4.75) | - 实体:birch_log (act 4.75) | - 实体:oak_planks (act 4.75) | - 实体:oak_log (act 4.75) | - 实体:hunger (act 4.75) | - 结果:unparseable_reply (act 4.51) | - 动作:wait (act 4.51) | - 结果:got:birch_log (act 2.38) | (demand module unavailable: KeyError)
4,0,2,2,9.5,9.5,0,wait,True,unparseable_reply,Cognitive-graph focus (top activated): | - 结果:unparseable_reply (act 4.75) | - 动作:wait (act 4.75) | - 实体:birch_planks (act 4.75) | - 实体:birch_log (act 4.75) | - 实体:oak_planks (act 4.75) | - 实体:oak_log (act 4.75) | - 实体:hunger (act 4.75) | (demand module unavailable: KeyError)
4,1,2,2,9.5,9.5,0,wait,True,unparseable_reply,Cognitive-graph focus (top activated): | - 结果:unparseable_reply (act 4.75) | - 动作:wait (act 4.75) | - 实体:birch_planks (act 4.75) | - 实体:birch_log (act 4.75) | - 实体:oak_planks (act 4.75) | - 实体:oak_log (act 4.75) | - 实体:hunger (act 4.75) | (demand module unavailable: KeyError)
4,2,2,2,9.5,9.5,0,wait,True,unparseable_reply,Cognitive-graph focus (top activated): | - 结果:unparseable_reply (act 4.75) | - 动作:wait (act 4.75) | - 实体:birch_planks (act 4.75) | - 实体:birch_log (act 4.75) | - 实体:oak_planks (act 4.75) | - 实体:oak_log (act 4.75) | - 实体:hunger (act 4.75) | (demand module unavailable: KeyError)
4,3,2,2,9.5,9.5,0,wait,True,unparseable_reply,Cognitive-graph focus (top activated): | - 结果:unparseable_reply (act 4.75) | - 动作:wait (act 4.75) | - 实体:birch_planks (act 4.75) | - 实体:birch_log (act 4.75) | - 实体:oak_planks (act 4.75) | - 实体:oak_log (act 4.75) | - 实体:hunger (act 4.75) | (demand module unavailable: KeyError)
4,4,2,2,9.5,9.5,0,wait,True,unparseable_reply,Cognitive-graph focus (top activated): | - 结果:unparseable_reply (act 4.75) | - 动作:wait (act 4.75) | - 实体:birch_planks (act 4.75) | - 实体:birch_log (act 4.75) | - 实体:oak_planks (act 4.75) | - 实体:oak_log (act 4.75) | - 实体:hunger (act 4.75) | (demand module unavailable: KeyError)
4,5,2,2,9.5,9.5,0,gather_birch_log,True,got:birch_log,Cognitive-graph focus (top activated): | - 结果:unparseable_reply (act 4.75) | - 动作:wait (act 4.75) | - 实体:birch_planks (act 4.75) | - 实体:birch_log (act 4.75) | - 实体:oak_planks (act 4.75) | - 实体:oak_log (act 4.75) | - 实体:hunger (act 4.75) | (demand module unavailable: KeyError)
4,6,2,3,9.5,11.88,0,craft_birch_planks,True,crafted:birch_planks,Cognitive-graph focus (top activated): | - 实体:birch_planks (act 4.75) | - 实体:birch_log (act 4.75) | - 实体:oak_planks (act 4.75) | - 实体:oak_log (act 4.75) | - 实体:hunger (act 4.75) | - 结果:unparseable_reply (act 4.51) | - 动作:wait (act 4.51) | - 结果:got:birch_log (act 2.38) | (demand module unavailable: KeyError)
5,0,5,2,16.28,9.26,1,wait,True,unparseable_reply,Cognitive-graph focus (top activated): | - 实体:birch_planks (act 4.63) | - 实体:birch_log (act 4.63) | - 实体:oak_planks (act 4.63) | - 实体:oak_log (act 4.63) | - 实体:hunger (act 4.63) | - 结果:crafted:oak_planks (act 2.38) | - 动作:craft_oak_planks (act 2.38) | - 结果:got:oak_log (act 2.26) | (demand module unavailable: KeyError)
5,1,3,2,11.76,9.5,1,gather_birch_log,True,got:birch_log,Cognitive-graph focus (top activated): | - 实体:birch_planks (act 4.75) | - 实体:birch_log (act 4.75) | - 实体:oak_planks (act 4.75) | - 实体:oak_log (act 4.75) | - 实体:hunger (act 4.75) | - 结果:unparseable_reply (act 2.38) | - 动作:wait (act 2.38) | - 结果:crafted:oak_planks (act 2.26) | (demand module unavailable: KeyError)
5,2,2,4,9.5,14.26,0,craft_birch_planks,True,crafted:birch_planks,Cognitive-graph focus (top activated): | - 实体:birch_planks (act 4.75) | - 实体:birch_log (act 4.75) | - 实体:oak_planks (act 4.75) | - 实体:oak_log (act 4.75) | - 实体:hunger (act 4.75) | - 结果:got:birch_log (act 2.38) | - 动作:gather_birch_log (act 2.38) | - 结果:unparseable_reply (act 2.26) | (demand module unavailable: KeyError)
6,0,3,2,11.88,9.5,1,wait,True,unparseable_reply,Cognitive-graph focus (top activated): | - 实体:birch_planks (act 4.75) | - 实体:birch_log (act 4.75) | - 实体:oak_planks (act 4.75) | - 实体:oak_log (act 4.75) | - 实体:hunger (act 4.75) | - 结果:unparseable_reply (act 4.51) | - 动作:wait (act 4.51) | - 结果:crafted:oak_planks (act 2.38) | (demand module unavailable: KeyError)
6,1,3,2,11.76,9.5,1,gather_birch_log,True,got:birch_log,Cognitive-graph focus (top activated): | - 结果:unparseable_reply (act 4.75) | - 动作:wait (act 4.75) | - 实体:birch_planks (act 4.75) | - 实体:birch_log (act 4.75) | - 实体:oak_planks (act 4.75) | - 实体:oak_log (act 4.75) | - 实体:hunger (act 4.75) | - 结果:crafted:oak_planks (act 2.26) | (demand module unavailable: KeyError)
6,2,2,3,9.5,11.88,0,craft_birch_planks,True,crafted:birch_planks,Cognitive-graph focus (top activated): | - 实体:birch_planks (act 4.75) | - 实体:birch_log (act 4.75) | - 实体:oak_planks (act 4.75) | - 实体:oak_log (act 4.75) | - 实体:hunger (act 4.75) | - 结果:unparseable_reply (act 4.51) | - 动作:wait (act 4.51) | - 结果:got:birch_log (act 2.38) | (demand module unavailable: KeyError)
7,0,5,2,16.52,9.5,1,wait,True,unparseable_reply,Cognitive-graph focus (top activated): | - 实体:birch_planks (act 4.75) | - 实体:birch_log (act 4.75) | - 实体:oak_planks (act 4.75) | - 实体:oak_log (act 4.75) | - 实体:hunger (act 4.75) | - 结果:crafted:oak_planks (act 2.38) | - 动作:craft_oak_planks (act 2.38) | - 结果:got:oak_log (act 2.26) | (demand module unavailable: KeyError)
7,1,3,2,11.76,9.5,1,gather_birch_log,True,got:birch_log,Cognitive-graph focus (top activated): | - 实体:birch_planks (act 4.75) | - 实体:birch_log (act 4.75) | - 实体:oak_planks (act 4.75) | - 实体:oak_log (act 4.75) | - 实体:hunger (act 4.75) | - 结果:unparseable_reply (act 4.41) | - 动作:wait (act 4.41) | - 结果:crafted:oak_planks (act 2.26) | (demand module unavailable: KeyError)
7,2,2,3,9.5,11.88,0,wait,True,unparseable_reply,Cognitive-graph focus (top activated): | - 实体:birch_planks (act 4.75) | - 实体:birch_log (act 4.75) | - 实体:oak_planks (act 4.75) | - 实体:oak_log (act 4.75) | - 实体:hunger (act 4.75) | - 结果:unparseable_reply (act 4.19) | - 动作:wait (act 4.19) | - 结果:got:birch_log (act 2.38) | (demand module unavailable: KeyError)
7,3,2,3,9.5,11.76,0,wait,True,unparseable_reply,Cognitive-graph focus (top activated): | - 结果:unparseable_reply (act 4.75) | - 动作:wait (act 4.75) | - 实体:birch_planks (act 4.75) | - 实体:birch_log (act 4.75) | - 实体:oak_planks (act 4.75) | - 实体:oak_log (act 4.75) | - 实体:hunger (act 4.75) | - 结果:got:birch_log (act 2.26) | (demand module unavailable: KeyError)
7,4,2,3,9.5,11.64,0,wait,True,unparseable_reply,Cognitive-graph focus (top activated): | - 结果:unparseable_reply (act 4.75) | - 动作:wait (act 4.75) | - 实体:birch_planks (act 4.75) | - 实体:birch_log (act 4.75) | - 实体:oak_planks (act 4.75) | - 实体:oak_log (act 4.75) | - 实体:hunger (act 4.75) | - 结果:got:birch_log (act 2.14) | (demand module unavailable: KeyError)
7,5,2,3,9.5,11.54,0,craft_birch_planks,True,crafted:birch_planks,Cognitive-graph focus (top activated): | - 结果:unparseable_reply (act 4.75) | - 动作:wait (act 4.75) | - 实体:birch_planks (act 4.75) | - 实体:birch_log (act 4.75) | - 实体:oak_planks (act 4.75) | - 实体:oak_log (act 4.75) | - 实体:hunger (act 4.75) | - 结果:got:birch_log (act 2.04) | (demand module unavailable: KeyError)
8,0,3,2,11.88,9.5,1,gather_birch_log,True,got:birch_log,Cognitive-graph focus (top activated): | - 实体:birch_planks (act 4.75) | - 实体:birch_log (act 4.75) | - 实体:oak_planks (act 4.75) | - 实体:oak_log (act 4.75) | - 实体:hunger (act 4.75) | - 结果:unparseable_reply (act 4.29) | - 动作:wait (act 4.29) | - 结果:crafted:oak_planks (act 2.38) | (demand module unavailable: KeyError)
8,1,2,3,9.5,11.88,0,craft_birch_planks,True,crafted:birch_planks,Cognitive-graph focus (top activated): | - 实体:birch_planks (act 4.75) | - 实体:birch_log (act 4.75) | - 实体:oak_planks (act 4.75) | - 实体:oak_log (act 4.75) | - 实体:hunger (act 4.75) | - 结果:unparseable_reply (act 4.08) | - 动作:wait (act 4.08) | - 结果:got:birch_log (act 2.38) | (demand module unavailable: KeyError)
9,0,3,2,11.88,9.5,1,gather_birch_log,True,got:birch_log,Cognitive-graph focus (top activated): | - 实体:birch_planks (act 4.75) | - 实体:birch_log (act 4.75) | - 实体:oak_planks (act 4.75) | - 实体:oak_log (act 4.75) | - 实体:hunger (act 4.75) | - 结果:unparseable_reply (act 4.18) | - 动作:wait (act 4.18) | - 结果:crafted:oak_planks (act 2.38) | (demand module unavailable: KeyError)
9,1,2,3,9.5,11.88,0,craft_birch_planks,True,crafted:birch_planks,Cognitive-graph focus (top activated): | - 实体:birch_planks (act 4.75) | - 实体:birch_log (act 4.75) | - 实体:oak_planks (act 4.75) | - 实体:oak_log (act 4.75) | - 实体:hunger (act 4.75) | - 结果:unparseable_reply (act 3.97) | - 动作:wait (act 3.97) | - 结果:got:birch_log (act 2.38) | (demand module unavailable: KeyError)
10,0,3,2,11.88,9.5,1,wait,True,unparseable_reply,Cognitive-graph focus (top activated): | - 实体:birch_planks (act 4.75) | - 实体:birch_log (act 4.75) | - 实体:oak_planks (act 4.75) | - 实体:oak_log (act 4.75) | - 实体:hunger (act 4.75) | - 结果:unparseable_reply (act 4.29) | - 动作:wait (act 4.29) | - 结果:crafted:oak_planks (act 2.38) | (demand module unavailable: KeyError)
10,1,3,2,11.76,9.5,1,wait,True,unparseable_reply,Cognitive-graph focus (top activated): | - 结果:unparseable_reply (act 4.75) | - 动作:wait (act 4.75) | - 实体:birch_planks (act 4.75) | - 实体:birch_log (act 4.75) | - 实体:oak_planks (act 4.75) | - 实体:oak_log (act 4.75) | - 实体:hunger (act 4.75) | - 结果:crafted:oak_planks (act 2.26) | (demand module unavailable: KeyError)
10,2,3,2,11.64,9.5,1,gather_birch_log,True,got:birch_log,Cognitive-graph focus (top activated): | - 结果:unparseable_reply (act 4.75) | - 动作:wait (act 4.75) | - 实体:birch_planks (act 4.75) | - 实体:birch_log (act 4.75) | - 实体:oak_planks (act 4.75) | - 实体:oak_log (act 4.75) | - 实体:hunger (act 4.75) | - 结果:crafted:oak_planks (act 2.14) | (demand module unavailable: KeyError)
10,3,2,3,9.5,11.88,0,wait,True,unparseable_reply,Cognitive-graph focus (top activated): | - 实体:birch_planks (act 4.75) | - 实体:birch_log (act 4.75) | - 实体:oak_planks (act 4.75) | - 实体:oak_log (act 4.75) | - 实体:hunger (act 4.75) | - 结果:unparseable_reply (act 4.51) | - 动作:wait (act 4.51) | - 结果:got:birch_log (act 2.38) | (demand module unavailable: KeyError)
10,4,2,3,9.5,11.76,0,wait,True,unparseable_reply,Cognitive-graph focus (top activated): | - 结果:unparseable_reply (act 4.75) | - 动作:wait (act 4.75) | - 实体:birch_planks (act 4.75) | - 实体:birch_log (act 4.75) | - 实体:oak_planks (act 4.75) | - 实体:oak_log (act 4.75) | - 实体:hunger (act 4.75) | - 结果:got:birch_log (act 2.26) | (demand module unavailable: KeyError)
10,5,2,3,9.5,11.64,0,craft_birch_planks,True,crafted:birch_planks,Cognitive-graph focus (top activated): | - 结果:unparseable_reply (act 4.75) | - 动作:wait (act 4.75) | - 实体:birch_planks (act 4.75) | - 实体:birch_log (act 4.75) | - 实体:oak_planks (act 4.75) | - 实体:oak_log (act 4.75) | - 实体:hunger (act 4.75) | - 结果:got:birch_log (act 2.14) | (demand module unavailable: KeyError)
11,0,3,2,11.88,9.5,1,gather_birch_log,True,got:birch_log,Cognitive-graph focus (top activated): | - 实体:birch_planks (act 4.75) | - 实体:birch_log (act 4.75) | - 实体:oak_planks (act 4.75) | - 实体:oak_log (act 4.75) | - 实体:hunger (act 4.75) | - 结果:unparseable_reply (act 4.18) | - 动作:wait (act 4.18) | - 结果:crafted:oak_planks (act 2.38) | (demand module unavailable: KeyError)
11,1,2,3,9.5,11.88,0,wait,True,unparseable_reply,Cognitive-graph focus (top activated): | - 实体:birch_planks (act 4.75) | - 实体:birch_log (act 4.75) | - 实体:oak_planks (act 4.75) | - 实体:oak_log (act 4.75) | - 实体:hunger (act 4.75) | - 结果:unparseable_reply (act 3.97) | - 动作:wait (act 3.97) | - 结果:got:birch_log (act 2.38) | (demand module unavailable: KeyError)
11,2,2,3,9.5,11.76,0,craft_birch_planks,True,crafted:birch_planks,Cognitive-graph focus (top activated): | - 结果:unparseable_reply (act 4.75) | - 动作:wait (act 4.75) | - 实体:birch_planks (act 4.75) | - 实体:birch_log (act 4.75) | - 实体:oak_planks (act 4.75) | - 实体:oak_log (act 4.75) | - 实体:hunger (act 4.75) | - 结果:got:birch_log (act 2.26) | (demand module unavailable: KeyError)
12,0,3,2,11.88,9.5,1,gather_birch_log,True,got:birch_log,Cognitive-graph focus (top activated): | - 实体:birch_planks (act 4.75) | - 实体:birch_log (act 4.75) | - 实体:oak_planks (act 4.75) | - 实体:oak_log (act 4.75) | - 实体:hunger (act 4.75) | - 结果:unparseable_reply (act 4.4) | - 动作:wait (act 4.4) | - 结果:crafted:oak_planks (act 2.38) | (demand module unavailable: KeyError)
12,1,2,3,9.5,11.88,0,wait,True,unparseable_reply,Cognitive-graph focus (top activated): | - 实体:birch_planks (act 4.75) | - 实体:birch_log (act 4.75) | - 实体:oak_planks (act 4.75) | - 实体:oak_log (act 4.75) | - 实体:hunger (act 4.75) | - 结果:unparseable_reply (act 4.18) | - 动作:wait (act 4.18) | - 结果:got:birch_log (act 2.38) | (demand module unavailable: KeyError)
12,2,2,3,9.5,11.76,0,wait,True,unparseable_reply,Cognitive-graph focus (top activated): | - 结果:unparseable_reply (act 4.75) | - 动作:wait (act 4.75) | - 实体:birch_planks (act 4.75) | - 实体:birch_log (act 4.75) | - 实体:oak_planks (act 4.75) | - 实体:oak_log (act 4.75) | - 实体:hunger (act 4.75) | - 结果:got:birch_log (act 2.26) | (demand module unavailable: KeyError)
12,3,2,3,9.5,11.64,0,wait,True,unparseable_reply,Cognitive-graph focus (top activated): | - 结果:unparseable_reply (act 4.75) | - 动作:wait (act 4.75) | - 实体:birch_planks (act 4.75) | - 实体:birch_log (act 4.75) | - 实体:oak_planks (act 4.75) | - 实体:oak_log (act 4.75) | - 实体:hunger (act 4.75) | - 结果:got:birch_log (act 2.14) | (demand module unavailable: KeyError)
12,4,2,3,9.5,11.54,0,wait,True,unparseable_reply,Cognitive-graph focus (top activated): | - 结果:unparseable_reply (act 4.75) | - 动作:wait (act 4.75) | - 实体:birch_planks (act 4.75) | - 实体:birch_log (act 4.75) | - 实体:oak_planks (act 4.75) | - 实体:oak_log (act 4.75) | - 实体:hunger (act 4.75) | - 结果:got:birch_log (act 2.04) | (demand module unavailable: KeyError)
12,5,2,3,9.5,11.43,0,craft_birch_planks,True,crafted:birch_planks,Cognitive-graph focus (top activated): | - 结果:unparseable_reply (act 4.75) | - 动作:wait (act 4.75) | - 实体:birch_planks (act 4.75) | - 实体:birch_log (act 4.75) | - 实体:oak_planks (act 4.75) | - 实体:oak_log (act 4.75) | - 实体:hunger (act 4.75) | - 结果:got:birch_log (act 1.93) | (demand module unavailable: KeyError)
13,0,3,2,11.88,9.5,1,wait,True,unparseable_reply,Cognitive-graph focus (top activated): | - 实体:birch_planks (act 4.75) | - 实体:birch_log (act 4.75) | - 实体:oak_planks (act 4.75) | - 实体:oak_log (act 4.75) | - 实体:hunger (act 4.75) | - 结果:unparseable_reply (act 4.29) | - 动作:wait (act 4.29) | - 结果:crafted:oak_planks (act 2.38) | (demand module unavailable: KeyError)
13,1,3,2,11.76,9.5,1,wait,True,unparseable_reply,Cognitive-graph focus (top activated): | - 结果:unparseable_reply (act 4.75) | - 动作:wait (act 4.75) | - 实体:birch_planks (act 4.75) | - 实体:birch_log (act 4.75) | - 实体:oak_planks (act 4.75) | - 实体:oak_log (act 4.75) | - 实体:hunger (act 4.75) | - 结果:crafted:oak_planks (act 2.26) | (demand module unavailable: KeyError)
13,2,3,2,11.64,9.5,1,wait,True,unparseable_reply,Cognitive-graph focus (top activated): | - 结果:unparseable_reply (act 4.75) | - 动作:wait (act 4.75) | - 实体:birch_planks (act 4.75) | - 实体:birch_log (act 4.75) | - 实体:oak_planks (act 4.75) | - 实体:oak_log (act 4.75) | - 实体:hunger (act 4.75) | - 结果:crafted:oak_planks (act 2.14) | (demand module unavailable: KeyError)
13,3,3,2,11.54,9.5,1,gather_birch_log,True,got:birch_log,Cognitive-graph focus (top activated): | - 结果:unparseable_reply (act 4.75) | - 动作:wait (act 4.75) | - 实体:birch_planks (act 4.75) | - 实体:birch_log (act 4.75) | - 实体:oak_planks (act 4.75) | - 实体:oak_log (act 4.75) | - 实体:hunger (act 4.75) | - 结果:crafted:oak_planks (act 2.04) | (demand module unavailable: KeyError)
13,4,2,3,9.5,11.88,0,wait,True,unparseable_reply,Cognitive-graph focus (top activated): | - 实体:birch_planks (act 4.75) | - 实体:birch_log (act 4.75) | - 实体:oak_planks (act 4.75) | - 实体:oak_log (act 4.75) | - 实体:hunger (act 4.75) | - 结果:unparseable_reply (act 4.51) | - 动作:wait (act 4.51) | - 结果:got:birch_log (act 2.38) | (demand module unavailable: KeyError)
13,5,2,3,9.5,11.76,0,craft_birch_planks,True,crafted:birch_planks,Cognitive-graph focus (top activated): | - 结果:unparseable_reply (act 4.75) | - 动作:wait (act 4.75) | - 实体:birch_planks (act 4.75) | - 实体:birch_log (act 4.75) | - 实体:oak_planks (act 4.75) | - 实体:oak_log (act 4.75) | - 实体:hunger (act 4.75) | - 结果:got:birch_log (act 2.26) | (demand module unavailable: KeyError)
14,0,3,2,11.88,9.5,1,gather_birch_log,True,got:birch_log,Cognitive-graph focus (top activated): | - 实体:birch_planks (act 4.75) | - 实体:birch_log (act 4.75) | - 实体:oak_planks (act 4.75) | - 实体:oak_log (act 4.75) | - 实体:hunger (act 4.75) | - 结果:unparseable_reply (act 4.18) | - 动作:wait (act 4.18) | - 结果:crafted:oak_planks (act 2.38) | (demand module unavailable: KeyError)
14,1,2,3,9.5,11.88,0,craft_birch_planks,True,crafted:birch_planks,Cognitive-graph focus (top activated): | - 实体:birch_planks (act 4.75) | - 实体:birch_log (act 4.75) | - 实体:oak_planks (act 4.75) | - 实体:oak_log (act 4.75) | - 实体:hunger (act 4.75) | - 结果:unparseable_reply (act 3.97) | - 动作:wait (act 3.97) | - 结果:got:birch_log (act 2.38) | (demand module unavailable: KeyError)
15,0,3,2,11.88,9.5,1,wait,True,unparseable_reply,Cognitive-graph focus (top activated): | - 实体:birch_planks (act 4.75) | - 实体:birch_log (act 4.75) | - 实体:oak_planks (act 4.75) | - 实体:oak_log (act 4.75) | - 实体:hunger (act 4.75) | - 结果:unparseable_reply (act 4.51) | - 动作:wait (act 4.51) | - 结果:crafted:oak_planks (act 2.38) | (demand module unavailable: KeyError)
15,1,3,2,11.76,9.5,1,gather_birch_log,True,got:birch_log,Cognitive-graph focus (top activated): | - 结果:unparseable_reply (act 4.75) | - 动作:wait (act 4.75) | - 实体:birch_planks (act 4.75) | - 实体:birch_log (act 4.75) | - 实体:oak_planks (act 4.75) | - 实体:oak_log (act 4.75) | - 实体:hunger (act 4.75) | - 结果:crafted:oak_planks (act 2.26) | (demand module unavailable: KeyError)
15,2,2,3,9.5,11.88,0,wait,True,unparseable_reply,Cognitive-graph focus (top activated): | - 实体:birch_planks (act 4.75) | - 实体:birch_log (act 4.75) | - 实体:oak_planks (act 4.75) | - 实体:oak_log (act 4.75) | - 实体:hunger (act 4.75) | - 结果:unparseable_reply (act 4.51) | - 动作:wait (act 4.51) | - 结果:got:birch_log (act 2.38) | (demand module unavailable: KeyError)
15,3,2,3,9.5,11.76,0,wait,True,unparseable_reply,Cognitive-graph focus (top activated): | - 结果:unparseable_reply (act 4.75) | - 动作:wait (act 4.75) | - 实体:birch_planks (act 4.75) | - 实体:birch_log (act 4.75) | - 实体:oak_planks (act 4.75) | - 实体:oak_log (act 4.75) | - 实体:hunger (act 4.75) | - 结果:got:birch_log (act 2.26) | (demand module unavailable: KeyError)
15,4,2,3,9.5,11.64,0,wait,True,unparseable_reply,Cognitive-graph focus (top activated): | - 结果:unparseable_reply (act 4.75) | - 动作:wait (act 4.75) | - 实体:birch_planks (act 4.75) | - 实体:birch_log (act 4.75) | - 实体:oak_planks (act 4.75) | - 实体:oak_log (act 4.75) | - 实体:hunger (act 4.75) | - 结果:got:birch_log (act 2.14) | (demand module unavailable: KeyError)
15,5,2,3,9.5,11.54,0,wait,True,unparseable_reply,Cognitive-graph focus (top activated): | - 结果:unparseable_reply (act 4.75) | - 动作:wait (act 4.75) | - 实体:birch_planks (act 4.75) | - 实体:birch_log (act 4.75) | - 实体:oak_planks (act 4.75) | - 实体:oak_log (act 4.75) | - 实体:hunger (act 4.75) | - 结果:got:birch_log (act 2.04) | (demand module unavailable: KeyError)
15,6,2,3,9.5,11.43,0,wait,True,unparseable_reply,Cognitive-graph focus (top activated): | - 结果:unparseable_reply (act 4.75) | - 动作:wait (act 4.75) | - 实体:birch_planks (act 4.75) | - 实体:birch_log (act 4.75) | - 实体:oak_planks (act 4.75) | - 实体:oak_log (act 4.75) | - 实体:hunger (act 4.75) | - 结果:got:birch_log (act 1.93) | (demand module unavailable: KeyError)
15,7,2,3,9.5,11.34,0,craft_birch_planks,True,crafted:birch_planks,Cognitive-graph focus (top activated): | - 结果:unparseable_reply (act 4.75) | - 动作:wait (act 4.75) | - 实体:birch_planks (act 4.75) | - 实体:birch_log (act 4.75) | - 实体:oak_planks (act 4.75) | - 实体:oak_log (act 4.75) | - 实体:hunger (act 4.75) | - 结果:got:birch_log (act 1.84) | (demand module unavailable: KeyError)
16,0,3,2,11.88,9.5,1,gather_birch_log,True,got:birch_log,Cognitive-graph focus (top activated): | - 实体:birch_planks (act 4.75) | - 实体:birch_log (act 4.75) | - 实体:oak_planks (act 4.75) | - 实体:oak_log (act 4.75) | - 实体:hunger (act 4.75) | - 结果:unparseable_reply (act 4.18) | - 动作:wait (act 4.18) | - 结果:crafted:oak_planks (act 2.38) | (demand module unavailable: KeyError)
16,1,2,3,9.5,11.88,0,craft_birch_planks,True,crafted:birch_planks,Cognitive-graph focus (top activated): | - 实体:birch_planks (act 4.75) | - 实体:birch_log (act 4.75) | - 实体:oak_planks (act 4.75) | - 实体:oak_log (act 4.75) | - 实体:hunger (act 4.75) | - 结果:unparseable_reply (act 3.97) | - 动作:wait (act 3.97) | - 结果:got:birch_log (act 2.38) | (demand module unavailable: KeyError)
17,0,3,2,11.88,9.5,1,gather_birch_log,True,got:birch_log,Cognitive-graph focus (top activated): | - 实体:birch_planks (act 4.75) | - 实体:birch_log (act 4.75) | - 实体:oak_planks (act 4.75) | - 实体:oak_log (act 4.75) | - 实体:hunger (act 4.75) | - 结果:unparseable_reply (act 4.18) | - 动作:wait (act 4.18) | - 结果:crafted:oak_planks (act 2.38) | (demand module unavailable: KeyError)
17,1,2,3,9.5,11.88,0,craft_birch_planks,True,crafted:birch_planks,Cognitive-graph focus (top activated): | - 实体:birch_planks (act 4.75) | - 实体:birch_log (act 4.75) | - 实体:oak_planks (act 4.75) | - 实体:oak_log (act 4.75) | - 实体:hunger (act 4.75) | - 结果:unparseable_reply (act 3.97) | - 动作:wait (act 3.97) | - 结果:got:birch_log (act 2.38) | (demand module unavailable: KeyError)
18,0,3,2,11.76,9.5,1,gather_birch_log,True,got:birch_log,Cognitive-graph focus (top activated): | - 结果:unparseable_reply (act 4.75) | - 动作:wait (act 4.75) | - 实体:birch_planks (act 4.75) | - 实体:birch_log (act 4.75) | - 实体:oak_planks (act 4.75) | - 实体:oak_log (act 4.75) | - 实体:hunger (act 4.75) | - 结果:got:oak_log (act 2.26) | (demand module unavailable: KeyError)
18,1,2,3,9.5,11.88,0,craft_birch_planks,True,crafted:birch_planks,Cognitive-graph focus (top activated): | - 实体:birch_planks (act 4.75) | - 实体:birch_log (act 4.75) | - 实体:oak_planks (act 4.75) | - 实体:oak_log (act 4.75) | - 实体:hunger (act 4.75) | - 结果:unparseable_reply (act 4.51) | - 动作:wait (act 4.51) | - 结果:got:birch_log (act 2.38) | (demand module unavailable: KeyError)
19,0,3,2,11.88,9.5,1,wait,True,unparseable_reply,Cognitive-graph focus (top activated): | - 实体:birch_planks (act 4.75) | - 实体:birch_log (act 4.75) | - 实体:oak_planks (act 4.75) | - 实体:oak_log (act 4.75) | - 实体:hunger (act 4.75) | - 结果:unparseable_reply (act 4.51) | - 动作:wait (act 4.51) | - 结果:crafted:oak_planks (act 2.38) | (demand module unavailable: KeyError)
19,1,3,2,11.76,9.5,1,gather_birch_log,True,got:birch_log,Cognitive-graph focus (top activated): | - 结果:unparseable_reply (act 4.75) | - 动作:wait (act 4.75) | - 实体:birch_planks (act 4.75) | - 实体:birch_log (act 4.75) | - 实体:oak_planks (act 4.75) | - 实体:oak_log (act 4.75) | - 实体:hunger (act 4.75) | - 结果:crafted:oak_planks (act 2.26) | (demand module unavailable: KeyError)
19,2,2,3,9.5,11.88,0,craft_birch_planks,True,crafted:birch_planks,Cognitive-graph focus (top activated): | - 实体:birch_planks (act 4.75) | - 实体:birch_log (act 4.75) | - 实体:oak_planks (act 4.75) | - 实体:oak_log (act 4.75) | - 实体:hunger (act 4.75) | - 结果:unparseable_reply (act 4.51) | - 动作:wait (act 4.51) | - 结果:got:birch_log (act 2.38) | (demand module unavailable: KeyError)
20,0,3,2,11.88,9.5,1,gather_birch_log,True,got:birch_log,Cognitive-graph focus (top activated): | - 实体:birch_planks (act 4.75) | - 实体:birch_log (act 4.75) | - 实体:oak_planks (act 4.75) | - 实体:oak_log (act 4.75) | - 实体:hunger (act 4.75) | - 结果:unparseable_reply (act 4.18) | - 动作:wait (act 4.18) | - 结果:crafted:oak_planks (act 2.38) | (demand module unavailable: KeyError)
20,1,2,3,9.5,11.88,0,craft_birch_planks,True,crafted:birch_planks,Cognitive-graph focus (top activated): | - 实体:birch_planks (act 4.75) | - 实体:birch_log (act 4.75) | - 实体:oak_planks (act 4.75) | - 实体:oak_log (act 4.75) | - 实体:hunger (act 4.75) | - 结果:unparseable_reply (act 3.97) | - 动作:wait (act 3.97) | - 结果:got:birch_log (act 2.38) | (demand module unavailable: KeyError)
